,cell_id,distance,channel_1,channel_2,channel_3
0,1,8.113642797290934,187.6530439684329,107.22096956031567,103.05073280721533
1,2,7.807128308344122,208.29752808988763,115.4485393258427,102.9829213483146
2,3,6.611650372887353,192.02247912652538,115.94348105330764,103.14001284521515
3,4,7.817020909659333,202.2519592476489,108.44945141065831,102.97296238244515
4,5,7.644339467990464,202.6074985354423,111.39425893380199,102.17574692442882
5,6,7.0473713693206825,178.89102564102564,117.09102564102564,103.08974358974359
6,7,11.087835720657754,228.53947368421052,124.49807445442876,103.54268292682927
7,8,14.20710815666237,229.6069306930693,111.29356435643564,103.159900990099
8,9,6.3200951304553605,204.98230088495575,106.6923076923077,103.12049012933969
9,10,8.391260323413517,180.04168056018673,116.04668222740914,102.60720240080026
10,11,7.49499825527041,179.8676565526146,105.99354422207875,102.54034861200775
11,12,7.9867714168137605,192.68458357944476,119.38511518015358,103.82457176609569
12,13,18.21342644309951,249.75694855115316,116.0922531046718,103.45594322885866
13,14,8.296297348005695,219.16515426497278,122.27676950998185,102.91152450090745
14,15,17.040025493654262,210.81590413943354,117.13071895424837,103.39760348583879
15,16,19.912823474814843,248.92053422370617,133.7779632721202,103.88747913188648
16,17,23.211003402104467,270.20338208409504,110.66956124314443,103.97212065813528
17,18,11.074723581386825,223.37938144329897,112.65670103092783,103.19896907216494
18,19,12.323759811934469,239.49353846153846,121.312,103.7083076923077
19,20,11.385519508490477,246.62493396724776,135.05652403592183,103.81722134178553
20,21,28.453354252594327,231.39114114114113,117.30930930930931,103.8018018018018
21,22,10.115053473940229,230.97,122.626,104.2385
22,23,26.23282275026387,269.7227272727273,129.08522727272728,103.7875
23,24,12.703021086164567,256.2408695652174,144.56782608695653,104.59565217391304
24,25,18.505146157821475,267.91562064156204,125.61087866108787,103.54114365411436
25,26,24.280237603046686,211.01111699311807,113.60984647961885,104.17575436739016
26,27,7.847514989434636,224.87197536295645,122.69599648042235,103.46018477782665
27,28,7.045462192603998,225.10114107883817,111.54875518672199,103.18309128630706
28,29,8.98546098233239,170.68936877076413,116.79700996677741,103.21827242524917
29,30,34.01416926780088,241.1374927787406,114.21259387637204,104.20797227036395
30,31,34.00998913309925,257.2576112412178,121.49648711943794,104.36299765807962
31,32,34.5296351754743,223.71212121212122,109.31729055258467,103.65864527629233
32,33,34.983542400177534,239.51975308641974,114.67345679012345,104.46851851851852
33,34,29.29739059599723,218.57675544794188,112.62953995157385,103.70944309927361
34,35,8.498938316499055,211.4253037884203,111.47891350964974,102.93316654753396
35,36,23.10525837960557,238.72487644151565,117.16254805052169,104.44096650192202
36,37,10.56263998234769,233.62301587301587,130.60833333333332,103.94960317460317
37,38,20.55525705801927,252.10918918918918,126.94054054054054,104.07783783783783
38,39,39.63601622594715,210.88199513381994,107.57846715328468,103.15267639902676
39,40,39.2822188988704,223.5126227208976,107.81907433380084,103.37307152875175
40,41,30.916992226290496,246.5350686912509,121.10701373825017,104.087852494577
41,42,23.049878802498522,215.54794520547946,106.96255707762558,103.09680365296803
42,43,26.984501764145097,288.70101107366395,153.56812710640347,103.89070775156476
43,44,20.836113093434413,210.8155467720685,115.79117259552042,104.54413702239789
44,45,40.58812554019543,241.6936416184971,110.51978657180969,103.68119164072921
45,46,45.10291738145233,252.1805802249852,117.26287744227353,103.3416222616933
46,47,20.965946078772888,218.56354916067147,111.47541966426859,103.06594724220624
47,48,11.23144338635367,249.92091007583966,123.45232936078007,103.8326110509209
48,49,34.78531007351126,256.16204588910136,112.6085086042065,103.93833652007648
49,50,38.01808968969383,240.3774442928604,120.2755798090041,104.96043656207367
50,51,50.35836426426593,268.2422178988327,113.4464980544747,103.48784046692607
51,52,9.920467186852694,183.15566835871405,117.70163564579808,103.10377890580936
52,53,31.39594260680506,274.13656147986944,121.23558215451578,104.55984766050054
53,54,53.21947966235255,263.348158131177,109.21293800539084,104.05660377358491
54,55,27.941632650674684,200.98596112311014,116.51727861771059,103.31533477321814
55,56,49.050669129919,249.8985422740525,108.54460641399417,104.26880466472304
56,57,6.637248158517803,197.4370257966616,111.5306019221042,102.43449671219018
57,58,34.1711581315986,280.96685082872926,116.47016574585635,104.52762430939227
58,59,32.90360552059772,292.0895910780669,128.19405204460966,104.03345724907064
59,60,58.59108513817459,241.33101604278076,119.76363636363637,103.95294117647059
60,61,46.68576819209999,218.19936305732483,113.69936305732485,104.09044585987262
61,62,6.759913570239458,261.42814145974415,114.83671933784801,103.97516930022573
62,63,58.36539266042182,223.32778355879293,116.43392299687825,103.18314255983351
63,64,6.130408320295639,189.47919463087248,120.68255033557047,105.11744966442953
64,65,48.30257878416491,261.0686436024163,111.30258099945085,103.89676002196595
65,66,62.28130185035296,255.45596258768512,123.67809820732658,104.53702260327358
66,67,25.209774615481226,281.08324873096444,132.60862944162437,104.0263959390863
67,68,18.135859204239324,269.0745192307692,136.41436298076923,105.41045673076923
68,69,62.59819059107165,273.4428399518652,115.09085439229844,103.95367027677497
69,70,62.5750903681832,268.8598484848485,128.6060606060606,103.56818181818181
70,71,54.14489781701105,227.29142857142858,109.83857142857143,102.97857142857143
71,72,45.864786421943194,272.62596401028276,120.1111825192802,104.176735218509
72,73,16.756506251826263,279.06223306894447,107.04697986577182,103.85234899328859
73,74,54.16477905317471,264.37202874516305,120.15644002211167,103.89939192924268
74,75,28.989391100912936,266.02047913446677,122.24381761978361,103.48145285935085
75,76,7.168919824156652,216.38998682476944,110.58234519104084,103.98945981554677
76,77,59.10951789099339,250.2281795511222,117.53075644222777,104.14380714879468
77,78,72.30383030403053,251.6828543111992,112.81070366699703,103.51337958374629
78,79,55.72047845203391,273.691368788143,125.61726242371404,104.0440278988666
79,80,69.03920839781098,218.7070446735395,113.22680412371135,103.53780068728523
80,81,12.818155981510317,266.3617494440326,119.6819866567828,105.26389918458118
81,82,66.22036183555691,245.91480730223122,121.60108181203516,104.52400270453009
82,83,18.48861420863107,234.992,111.784,104.96866666666666
83,84,5.811654468521353,218.8074074074074,134.9283950617284,105.31522633744856
84,85,65.66708211470748,280.929756097561,121.25268292682927,103.88829268292683
85,86,62.347419909879726,248.65308151093438,119.55467196819086,103.89910536779324
86,87,35.80950762683749,257.6252821670429,118.03310759969902,104.28066215199398
87,88,42.81694249229031,288.70667263770713,115.25929243170623,104.38244514106583
88,89,75.96924853557375,271.1627339300244,114.97965825874695,103.40276647681041
89,90,77.04366217367162,238.93459119496856,108.75283018867924,103.61320754716981
90,91,28.500649472545483,246.76658021489442,115.11263430900334,104.12189699888847
91,92,64.65944950672815,274.70323065364386,113.55221637866266,103.17430503380916
92,93,9.101007145407733,228.13944603629417,118.22397325692455,103.53008595988538
93,94,51.81518660847851,266.2335540838852,127.82207505518764,104.52317880794702
94,95,13.524747507774388,244.63416370106762,123.93451957295373,105.53807829181494
95,96,68.26095291860989,273.52400548696846,124.1159122085048,104.33333333333333
96,97,76.81247783692096,265.6729857819905,140.2885729331227,104.6998420221169
97,98,9.414130901054705,257.421387790953,134.21848924022837,105.26130873956961
98,99,69.82563793268795,232.4814814814815,112.4431216931217,105.73743386243386
99,100,86.66739209188619,232.39676746611053,111.75547445255475,104.10375391032325
100,101,60.37278346884809,289.98223860589815,123.3612600536193,104.55898123324397
101,102,84.49174090498487,280.897201946472,125.64902676399026,103.96532846715328
102,103,29.407285180193554,237.11326860841424,129.39482200647248,103.64724919093851
103,104,17.751308433380334,267.7939590075512,119.82901833872708,104.76267529665589
104,105,46.0461117638868,282.7431347697507,127.0659062103929,104.3510773130545
105,106,36.04706910386421,269.46153846153845,113.84976525821597,104.27880101119538
106,107,27.75383759128668,241.85302390998592,113.9648382559775,105.32981715893108
107,108,62.96383308310575,255.07708779443254,117.46324054246966,104.07494646680942
108,109,84.96755472440883,260.6208814719726,120.07188703465982,103.7864783910997
109,110,7.109431431342411,207.96064814814815,106.01466049382717,103.51697530864197
110,111,54.14881831468833,287.27342179332527,122.96340973059911,104.7092882991556
111,112,67.1792915908016,252.16611295681062,121.26079734219269,103.87375415282392
112,113,36.60860976633363,265.2343444227006,120.17612524461839,104.40851272015655
113,114,94.31966486259513,247.71168649405178,127.81315605318404,103.66060181945416
114,115,95.02706178467422,242.59031918625044,122.47737635917223,103.94984216064539
115,116,81.55352845486848,237.49252761533464,119.18843404808317,102.48343079922027
116,117,76.13027561112547,284.13302034428796,125.96191966614502,103.48826291079813
117,118,84.50587510697666,235.8416961130742,113.73710247349824,103.54416961130742
118,119,5.702671387767026,192.63736263736263,115.80549450549451,105.29120879120879
119,120,42.13385456779448,312.6227254346947,126.45410432672867,104.84472300849171
120,121,18.60125919972285,232.7494976557267,130.32283991962493,105.37374413931681
121,122,94.62140122968118,235.4294573643411,109.47054263565892,103.03255813953488
122,123,33.96736814343063,313.8503886010363,124.44559585492227,105.43523316062176
123,124,15.243469956451078,236.56849315068493,116.6259220231823,104.0695468914647
124,125,25.51107154291154,261.848075962019,118.24187906046977,104.49675162418791
125,126,51.3214241043916,278.4828937990021,126.60727013542409,105.52601568068425
126,127,102.29111907267662,237.68534238822863,111.66044142614601,103.33106960950764
127,128,54.190926978413145,282.55385060799074,119.86016213086276,104.04834973943254
128,129,91.30831849359197,254.01709986320108,121.46306429548564,103.37551299589603
129,130,68.6136745480946,210.99512987012986,107.72402597402598,103.16558441558442
130,131,90.32214835627961,252.81009110021023,120.52277505255782,103.59285213735109
131,132,86.04477699270728,243.84089347079038,118.99209621993127,103.4426116838488
132,133,7.739453709522046,201.91272051996285,106.96285979572887,103.69452181987
133,134,15.117748533254444,251.31898238747553,119.91780821917808,105.15655577299412
134,135,8.198955553766531,208.34117647058824,125.56218487394958,104.82731092436975
135,136,65.25316786834958,222.11764705882354,124.1093180635086,104.33420093701197
136,137,95.88331585323766,238.86697247706422,112.37270642201835,102.98566513761467
137,138,71.58819044269612,287.4174289841117,140.07992296581608,138.40298507462686
138,139,37.936740216163635,273.45634095634097,120.64501039501039,104.96621621621621
139,140,78.82808403886378,208.94093178036604,112.77537437603993,103.36356073211314
140,141,37.67098574100879,331.1609131403118,119.71492204899778,103.94821826280624
141,142,105.15717705380035,237.21859706362153,118.76508972267537,102.85154975530179
142,143,19.152454057854804,247.18566176470588,115.80698529411765,103.27665441176471
143,144,32.155490870507826,273.3786828422877,128.34575389948006,106.28509532062391
144,145,26.486985792608145,310.87968826108136,114.84656600097418,105.331709693132
145,146,67.32136747683987,272.19691695673794,115.05917454002983,103.94828443560418
146,147,116.11983012598047,260.1812955155232,126.91989267918743,103.72326561901112
147,148,109.04747709868707,263.71162001696354,109.72603901611535,102.74809160305344
148,149,80.27667880820465,289.0181496237273,136.4072598494909,104.14652501106684
149,150,84.93249402535176,282.4601542416452,125.61645244215939,104.22879177377892
150,151,54.319401750225595,281.79505752023863,115.88282914358756,105.3855986365573
151,152,70.22473077536127,297.6812443642922,122.2141568981064,104.19206492335438
152,153,94.24734777488743,283.8968377397615,125.6905132192846,103.73509590461379
153,154,107.13648094116591,292.8023872679045,128.80636604774537,103.63395225464191
154,155,48.4046954377648,267.5723720418272,113.97138139790864,103.67308750687947
155,156,29.540731743929395,290.4800824175824,117.50412087912088,105.33173076923077
156,157,109.22736432823402,268.44474393531,136.8548966756514,103.97529200359389
157,158,11.558804777816572,198.19453697534976,110.08727514990007,104.35509660226516
158,159,37.88760069616084,377.2270714737508,141.49082858950032,104.4674256799494
159,160,105.79354396165694,246.15758667266996,121.41152633948671,103.69743358847366
160,161,42.35406550393499,270.56073446327684,114.51412429378531,105.41525423728814
161,162,20.30823265732605,253.85714285714286,146.12322791712106,105.15648854961832
162,163,104.02859841871047,286.8060081466395,120.43584521384929,105.18940936863544
163,164,80.27067954954106,263.5042134831461,121.7752808988764,103.80196629213484
164,165,65.94615428716135,330.44420485175203,108.29380053908356,104.49326145552561
165,166,82.12541803583274,276.84200968523004,122.7136803874092,104.37469733656174
166,167,107.58627101269272,265.4726962457338,127.45392491467577,103.65699658703072
167,168,97.87303239933729,261.3689138576779,138.00374531835206,104.64107365792759
168,169,9.663660371945667,226.2005369127517,116.65234899328858,106.65771812080537
169,170,6.830709702565598,258.2703335283792,130.469280280866,105.30368636629608
170,171,66.84274583699676,285.35840108401084,112.5840108401084,104.80149051490515
171,172,37.11442506848295,293.93254437869825,153.70571992110453,105.7353057199211
172,173,43.439994730473636,339.74770114942527,125.32241379310345,104.40517241379311
173,174,33.41396523253292,293.14358974358976,111.64820512820513,105.21076923076923
174,175,20.49625918050983,246.87123493975903,124.41340361445783,105.04969879518072
175,176,82.13051376845014,292.9385171790235,115.59252561784207,103.89873417721519
176,177,55.86839881454013,236.83311938382542,113.91655969191271,105.07573812580232
177,178,55.381260024322295,285.28315789473686,110.67052631578947,104.19105263157894
178,179,118.82505693815584,299.55587557603684,130.84158986175115,104.66935483870968
179,180,74.79769132873372,246.14453125,109.63125,104.28515625
180,181,30.659576525199206,297.7793465106898,131.085114965712,104.9197256958451
181,182,82.40573436300375,243.5045045045045,116.53925353925354,104.74774774774775
182,183,96.35369526512424,205.50714285714287,111.78673469387755,104.43469387755103
183,184,124.74739622823724,309.8215697346132,124.51722190852625,103.94861660079052
184,185,27.462557642266653,318.9068702290076,117.04045801526718,105.07862595419847
185,186,93.26259673244591,273.85092426952895,129.0304114490161,104.7149672033393
186,187,64.57117220475205,311.8305543037404,128.5236593059937,104.39251915277151
187,188,116.86116214499489,279.86046511627904,118.30365448504983,103.23654485049833
188,189,76.47093121307415,287.2495894909688,112.79802955665025,104.1800766283525
189,190,66.44260578495653,243.80313199105146,111.88031319910515,104.93959731543625
190,191,15.961573637985829,272.5576208178439,122.81660470879801,104.02354399008674
191,192,7.652648051242975,226.6392857142857,112.00785714285715,104.20428571428572
192,193,48.96035056308103,225.18677494199537,124.50580046403712,103.93155452436194
193,194,99.9952937663072,258.54949337490257,116.43024162120031,104.02650038971161
194,195,128.14454794337775,272.3289977046672,125.21958684009181,104.66641162968631
195,196,108.68441270758629,289.25207468879665,115.10442600276625,104.03146611341631
196,197,93.07420367197136,301.1692154255319,131.45545212765958,104.85139627659575
197,198,7.883700880766583,226.33463905987688,123.26021264689423,105.54113038612199
198,199,34.066252617623725,315.75347377857463,122.65217391304348,104.7337516808606
199,200,134.9006432992083,296.67732962447843,124.34353268428373,103.75567918405193
200,201,126.05870656623554,254.0718232044199,137.96764009471192,104.12075769534333
201,202,128.93635783369885,272.03735632183907,123.05747126436782,103.96982758620689
202,203,44.33655378835508,272.9333764553687,118.85122897800777,105.36934023285899
203,204,117.94784491718089,286.59457579972184,129.18636995827538,103.15438108484005
204,205,21.697414802089973,241.489352989353,120.8996723996724,105.47747747747748
205,206,121.1647885491975,289.92424242424244,120.28571428571429,103.33694083694084
206,207,24.124019165422713,261.7140243902439,117.40426829268293,105.46768292682927
207,208,68.19932325127381,332.1716186252772,126.86164079822616,104.12638580931264
208,209,92.8609434523286,233.6454456415279,112.69343780607248,104.53770812928501
209,210,53.333847283507716,279.3222222222222,116.53030303030303,104.58282828282829
210,211,59.704688307322144,310.9503816793893,133.90730643402398,105.38713195201746
211,212,86.32013406623798,338.05703971119135,122.48231046931409,104.48953068592058
212,213,109.29585708116849,278.4995260663507,115.48151658767773,104.38009478672986
213,214,36.684470947072604,288.12869924294563,117.10461114934618,105.4762560220234
214,215,6.915408970362927,260.9946428571429,144.415625,105.62276785714286
215,216,139.33722415756824,250.0139240506329,115.65189873417721,103.81898734177216
216,217,75.36055773364703,307.6732605729877,123.74965893587995,104.1568894952251
217,218,136.64940527243633,289.6052287581699,129.35359477124183,104.39803921568627
218,219,125.32259989879945,309.11902834008094,127.42591093117409,103.52064777327935
219,220,42.4438254926973,263.1617647058824,122.19827586206897,105.70740365111561
220,221,85.70512017157108,320.2185332011893,140.34192269573836,104.29682854311199
221,222,16.681647707273715,320.0440251572327,117.54786862334032,104.84905660377359
222,223,138.58456717871348,288.3046153846154,132.02461538461537,103.57333333333334
223,224,27.683950266270312,267.1725755995829,120.23461939520334,104.9822732012513
224,225,68.46065565300503,290.8555452003728,128.8462255358807,104.94967381174278
225,226,102.12188949236361,296.69561815336465,117.97104851330204,104.08059467918623
226,227,51.35929800612545,309.20396600566573,129.7485835694051,106.5715297450425
227,228,115.03283668138667,277.4821952241307,119.39128613322161,103.7557603686636
228,229,101.7899203476848,236.6224961479199,122.8120184899846,103.36209553158706
229,230,53.64537413130197,331.1024042742654,125.52270703472841,106.31700801424755
230,231,22.524944459456755,293.9089316987741,135.80604203152365,106.16506129597198
231,232,132.9560742020277,281.22512077294687,118.06908212560387,104.08309178743961
232,233,95.89725547903758,278.90038314176246,120.20545977011494,103.38936781609195
233,234,6.844209616784641,245.80027932960894,109.09567039106145,104.34567039106145
234,235,136.3861100650088,287.7586206896552,124.87724137931035,104.46827586206896
235,236,83.81337895997206,344.0338302752294,126.89506880733946,104.48738532110092
236,237,114.93271597065355,304.8921239268384,130.25307950727884,104.38223217618514
237,238,125.35986622925161,245.42757009345794,117.1892523364486,104.07242990654206
238,239,130.85468081782204,325.58278955954324,143.0020391517129,104.12805872756933
239,240,58.8630387128201,324.5936875749101,140.98921294446663,105.6144626448262
240,241,8.15492834807624,272.02076356329536,140.1054922973878,107.23141326188882
241,242,73.41614017305953,314.0260671228413,117.83708048224177,104.57836428804171
242,243,149.4603072489663,221.59684684684686,116.64714714714715,103.93093093093093
243,244,35.207011991862814,303.6793333333333,138.39266666666666,106.25333333333333
244,245,95.71114260286589,263.8060315284441,120.30774503084304,103.5798492117889
245,246,107.74665333898767,291.6199510403917,119.51835985312117,104.01285189718482
246,247,32.3980466992713,299.6314465408805,122.8020964360587,104.7979035639413
247,248,44.62992437809888,285.5074925074925,127.72477522477523,105.76873126873127
248,249,150.63264621636105,249.15,117.88968253968254,105.17777777777778
249,250,123.86421989850032,241.06069651741294,127.10547263681592,104.3452736318408
250,251,146.32239432398387,273.17591868647384,127.80375293197811,104.59890539483972
251,252,115.81675746976441,271.4253164556962,119.03037974683544,104.17088607594937
252,253,106.49607839337148,268.7046173308033,115.94750158127768,104.20177103099304
253,254,19.371987537388254,317.76,144.5225,106.0555
254,255,142.1336371855259,271.7754957507082,109.28470254957507,104.01628895184136
255,256,84.40407350424054,251.6320699708455,119.5539358600583,104.57492711370263
256,257,71.74226158018332,267.47169811320754,129.0306603773585,104.51768867924528
257,258,125.45336872098493,341.92662312716095,153.48520937379945,106.10372646945832
258,259,138.70850908424424,297.9274647887324,112.03521126760563,104.69859154929577
259,260,62.57759051691066,335.0189599133261,130.82340195016252,104.91061755146262
260,261,56.26704513759936,258.79713261648743,115.66881720430108,105.40931899641578
261,262,150.34785478980533,263.7515657620042,120.51774530271399,103.79053583855254
262,263,86.42554236143327,302.7962441314554,121.00610328638497,104.9281690140845
263,264,7.261415681506323,237.57918326693226,105.90886454183267,104.19272908366534
264,265,98.91709188584011,302.0262605042017,126.33634453781512,104.46155462184873
265,266,128.2272332873626,265.29678021465236,115.98973401773215,105.07046196920206
266,267,146.0210060603693,294.49289891395154,112.20384294068505,103.75104427736007
267,268,13.154219101490165,331.80409518539017,153.62921970116216,106.10736026563364
268,269,73.3630807195537,330.7321559970567,122.91832229580574,104.81456953642385
269,270,62.85380866075791,287.04214559386975,148.28045977011493,105.93793103448276
270,271,115.9907289846039,241.51425247236764,113.3566026759744,104.35194880744619
271,272,145.11549602872958,285.4142143253748,130.55691282620765,105.0882842865075
272,273,33.309287099673234,339.48329156223895,132.8249791144528,105.03174603174604
273,274,23.061598894764167,333.0565916398714,134.4128617363344,106.05466237942122
274,275,34.59729852375153,296.98389531957724,124.0417715148465,106.14292903875189
275,276,139.70548339696663,279.27171215880895,112.5272952853598,103.64888337468983
276,277,21.657744038203592,264.22641509433964,123.59064807219032,106.07219031993438
277,278,137.0464230951658,314.7203928365107,123.0837666088966,103.98729058347776
278,279,7.73519707235278,274.9554022988506,155.97563218390803,106.76229885057471
279,280,95.9540552963706,270.00130662020905,130.47648083623693,104.68249128919861
280,281,114.72924191425071,284.6414021790621,135.15158692562767,104.97110374230223
281,282,6.034099441506146,255.52605042016808,126.77226890756303,105.47142857142858
282,283,52.38607593538952,341.986328125,148.6123046875,105.89453125
283,284,137.82214148478718,273.5425219941349,124.57394218684541,105.04063678257226
284,285,47.80773289875184,337.63984915147705,123.35449402891264,105.28095537397863
285,286,69.29795448762864,291.70663956639567,132.49661246612467,104.31233062330624
286,287,83.94672172053681,345.42409402546525,120.90744368266405,104.83398628795298
287,288,65.99036824574114,312.01654846335697,119.40366430260048,104.90425531914893
288,289,44.30173101745497,320.3107028753994,139.68210862619807,106.38338658146965
289,290,119.78937322855562,343.75417130144604,127.31331108639229,105.62699295513534
290,291,58.801557238297775,319.4568527918782,109.78426395939087,111.06598984771574
291,292,57.53100519186463,306.2308647083161,124.36160529582126,105.42242449317335
292,293,93.21065158029903,290.5084466419448,118.40502678203543,104.75978574371652
293,294,30.71845871435793,367.31605751947274,116.21719592570402,106.16387058118634
294,295,19.191270781960526,280.5295698924731,143.61727150537635,107.83030913978494
295,296,36.56306538805332,300.9592096876992,119.34926704907585,106.44486934353091
296,297,124.37004079528664,247.26315789473685,135.00404858299595,104.48582995951416
297,298,84.38073261077123,277.71255411255413,114.66839826839826,104.23463203463203
298,299,129.7464261666699,375.59708737864077,140.9184870550162,105.71096278317152
299,300,15.053433579652808,375.3910214703969,139.39557579700715,106.08523096942095
300,301,75.24970817431434,330.49133858267714,143.9265091863517,105.449343832021
301,302,132.27978471530332,308.44104046242774,149.7242774566474,106.76300578034682
302,303,50.43258002260011,344.2886676875957,144.0957120980092,106.18683001531393
303,304,116.63478570451555,288.4712643678161,141.89152298850576,104.74497126436782
304,305,9.223308264191267,375.085046728972,132.89532710280375,105.27570093457943
305,306,45.75714522223083,295.73333333333335,109.47846153846154,105.81435897435898
306,307,43.617442077508265,295.6641221374046,116.96310432569975,105.81679389312977
307,308,85.32965931677768,279.2259702575263,122.2872687704026,104.92419296336598
308,309,8.102109089845893,252.5086932136848,118.31912507010657,107.81884464385867
309,310,103.72616924384764,302.7228300510576,126.61342086068564,104.2472647702407
310,311,126.48171388738541,326.8307952622673,135.18781725888326,105.15989847715736
311,312,120.86830413543392,264.06515693285655,127.71871275327771,104.93603496225666
312,313,78.95307019113784,283.63991975927786,121.18104312938816,105.65346038114343
313,314,33.211872385519904,315.9312169312169,114.91746031746031,106.65079365079364
314,315,5.435865964202869,276.53942232630754,115.95238095238095,104.77283372365339
315,316,104.73302642725352,370.5255972696246,137.8502085703451,105.61698900265453
316,317,64.45437853563227,281.3976493633692,122.02742409402546,106.35259549461313
317,318,21.236251044392933,346.0468457214241,128.18613366645846,106.03310430980638
318,319,21.507338762643897,321.11780277961617,126.66379880873593,106.60754467240238
319,320,113.07516914057831,356.4640171858217,167.12620837808808,107.59129967776585
320,321,87.49792498134875,339.75959595959597,120.28989898989899,105.94141414141414
321,322,12.621114095387904,324.893385982231,115.2852912142152,104.52615992102665
322,323,37.98429933781155,389.9410377358491,143.98977987421384,108.52987421383648
323,324,120.70149640936829,328.44223363286267,129.8729139922978,105.07894736842105
324,325,30.317017862070916,326.3528428093646,120.87290969899665,105.25585284280936
325,326,67.07527564626541,282.25691699604744,125.71245059288538,106.08201581027669
326,327,96.51114626558427,334.8770264926849,146.80862000790827,104.97548438117833
327,328,54.25709205935249,336.28369362156394,125.59434214037897,106.4598345342941
328,329,119.5337844356974,330.91319324836377,129.70031002411298,105.67413021012746
329,330,50.65870128471057,327.31277750370003,125.76319684262457,105.68672915638875
330,331,12.876201037742174,327.17880085653104,152.83779443254818,107.01605995717345
331,332,86.26829641602467,344.5360671936759,126.81669960474308,105.81175889328063
332,333,109.71281515015316,330.3618376928236,132.14185110663985,104.58718980549966
333,334,60.915861253228464,319.0619111709287,129.3629430237775,106.31628532974428
334,335,88.18319786461855,358.6426387068589,135.346876365225,105.21974661424203
335,336,74.48348938900345,373.7717948717949,146.76602564102564,105.50769230769231
336,337,28.955100598254514,319.367889420521,147.43912812333866,106.72833599149389
337,338,76.12549584395246,311.2164634146341,118.33079268292683,105.35442073170732
338,339,6.03832286337404,234.7162447257384,117.57594936708861,106.15189873417721
339,340,115.86181124964399,235.79513633014002,129.40383198231393,106.67722918201916
340,341,114.03226482441802,303.97334410339255,130.68901453957997,107.44345718901454
341,342,100.94560844144358,303.1228878648233,135.38812083973374,105.18279569892474
342,343,27.714692252967524,227.16302521008404,108.46386554621849,102.14957983193277
343,344,91.32273776508752,329.7304918032787,144.45245901639345,105.57967213114755
344,345,7.286878534550614,314.35889377749845,121.63733500942803,105.6536769327467
345,346,77.4059392849575,282.08531746031747,128.13888888888889,105.15079365079364
346,347,44.21501185513256,302.89605734767025,126.71397849462366,106.81720430107526
347,348,105.2874333289151,372.3403244954491,123.74198654531064,105.89196675900277
348,349,100.53034694951381,326.75,120.03787878787878,106.20995670995671
349,350,110.73290015955342,398.9563953488372,117.54651162790698,106.3172757475083
350,351,72.04673395113126,364.9177718832891,122.5762599469496,106.19960212201592
351,352,84.62881712680486,357.89094449853945,123.92259006815969,105.69961051606622
352,353,62.17753863237248,391.9875813128326,134.93968066232998,105.66765227675931
353,354,90.9069049209774,369.27242744063324,125.19063324538259,104.27770448548813
354,355,67.95597761333183,349.1171597633136,151.39526627218936,105.77514792899409
355,356,43.80661520274851,334.9002991026919,129.96011964107677,107.26620139581256
356,357,104.23436418596856,377.3298922800718,161.45466786355476,105.1350987432675
357,358,20.788313837551012,338.37064492216456,107.88732394366197,106.24981467753892
358,359,107.2232451486923,344.60798429319374,122.89267015706807,104.7467277486911
359,360,94.82120061155773,357.65569143932265,135.11806208842899,106.10818438381938
360,361,49.748175368689644,302.67621951219513,125.70975609756097,107.71951219512195
361,362,8.230500984770723,236.07879537953795,124.7174092409241,105.91996699669967
362,363,47.17967831565855,322.69407008086256,119.15363881401618,106.48382749326146
363,364,24.32708557338082,331.42995169082127,164.2463768115942,109.18417874396135
364,365,77.51550470082815,344.55201958384333,147.91003671970626,106.20195838433293
365,366,51.698789342541126,343.39142273655546,129.41184479237577,105.19673247106876
366,367,82.93551613715763,391.2325150532654,154.41500694766094,105.53728578045391
367,368,36.34909739491005,340.35325506937033,125.46905016008537,107.11472785485593
368,369,25.575878014314775,304.8745259165613,118.17983565107458,107.0831226295828
369,370,65.85978875464643,400.0968500235073,132.93276915843913,105.4875411377527
370,371,74.6950388661812,311.0455650060753,135.59720534629403,107.48784933171325
371,372,6.840155748793428,334.66377005347596,134.45788770053477,106.4057486631016
372,373,12.438254753394482,266.4403491755577,124.8729388942774,108.51212415130941
373,374,58.90953847536963,254.59445843828715,106.81360201511335,113.68765743073048
374,375,63.303839591465575,317.2767915844839,128.4819197896121,106.38395792241946
375,376,36.42400353951374,417.97680839315296,133.30646051905026,107.41579237990061
376,377,13.058610739665124,401.5940685820204,131.772937905468,107.53753475440223
377,378,75.56744605004592,351.787554691298,132.03111327175498,106.64608653378707
378,379,94.93137365157392,386.01496026180456,184.97615708274895,106.07012622720897
379,380,20.591010658087974,306.74642126789365,126.75204498977506,107.69938650306749
380,381,95.13655440715652,299.8514397905759,139.3291884816754,105.87041884816755
381,382,95.17243535818297,439.0181219110379,123.83525535420098,105.17298187808896
382,383,58.175538074018284,321.47890088321884,165.4406280667321,106.3954857703631
383,384,98.44547408084144,285.24,129.81625,104.861875
384,385,56.03902799863487,298.6817155756208,122.03950338600451,107.15011286681715
385,386,47.43640749998513,372.36147266641876,123.85682409817777,108.31424321309036
386,387,89.87136963433302,384.73917634635694,115.43347412882788,106.36430834213306
387,388,47.967191470689585,347.0030693677102,152.22774708410068,107.07305095150399
388,389,33.99797598179721,453.19529411764705,129.58235294117648,107.9929411764706
389,390,8.022405209139317,237.22606689734718,118.39734717416378,107.7641291810842
390,391,73.80318101845066,390.28257686676426,151.68374816983894,106.95812591508053
391,392,60.813291500075664,369.4484304932735,123.06203288490283,108.66218236173393
392,393,54.06313416109469,375.964755391899,154.17464492372434,106.58758548132562
393,394,61.087785130430284,360.7832229580574,182.09050772626932,107.33245033112583
394,395,42.79475708701877,336.8405693950178,126.63345195729538,106.36014234875445
395,396,60.02438162206578,384.1546451240623,129.33871898442007,105.8199653779573
396,397,7.970448846117968,345.69863705199396,117.39777889954568,108.16102978293792
397,398,88.48626553547017,293.42837078651684,119.22612359550561,105.68960674157303
398,399,63.23910660811345,438.22710230316017,146.13229780396358,105.89769683985003
399,400,88.21390802132035,355.1152312599681,125.56499202551834,105.48763955342903
400,401,76.27532443863792,313.378231292517,122.46666666666667,105.76462585034014
401,402,18.782004714136704,258.8875698324022,131.00069832402235,109.42527932960894
402,403,83.63761069217546,379.3690533397405,134.36713118692936,106.47188851513695
403,404,33.27682128136462,379.47125382263,156.9039755351682,107.39449541284404
404,405,77.04576007714161,409.6373801916933,130.5937167199148,105.41214057507987
405,406,79.61369497452682,400.517061281337,159.05605849582173,105.79073816155989
406,407,85.35054606331889,362.2503660322108,163.6871644704734,105.72376769155686
407,408,42.37108949493385,390.2887742959143,126.75327251090837,108.35303451011504
408,409,54.57731685135916,392.23434343434343,111.48686868686869,116.0989898989899
409,410,81.44985778837811,370.7799597180262,144.4994964753273,105.3544813695871
410,411,67.82512262387101,374.69375,126.037890625,104.91953125
411,412,24.249104449724783,369.562030075188,124.30451127819549,107.93139097744361
412,413,81.90061407373173,340.8904899135447,130.87512007684919,105.42843419788665
413,414,8.724870297135247,278.97190180419994,143.05087252292222,107.56669624371487
414,415,34.73825522358207,311.4280798348245,129.7075017205781,107.89401238816242
415,416,20.61826249842294,346.54756468797564,155.29147640791476,108.05060882800609
416,417,78.27071497824214,384.9570240295749,116.27125693160814,105.67051756007393
417,418,55.07458081726656,353.6839378238342,133.62262521588946,106.22366148531951
418,419,49.62618591183761,335.29910447761193,131.30149253731344,105.98029850746269
419,420,46.65079458372406,446.870820668693,184.94908814589667,107.71808510638297
420,421,66.28869080566139,359.9443938012762,140.81494986326345,106.78122151321787
421,422,8.507104568423143,297.743824336688,119.27218664226899,107.54849039341262
422,423,37.73477062901705,385.71963913948645,142.32755031228314,108.68043025676613
423,424,45.91518782669952,299.51061946902655,122.63716814159292,105.45752212389381
424,425,26.0026439529469,391.704347826087,139.55057208237986,107.16430205949656
425,426,74.00061763225604,314.6934566145093,128.50213371266003,105.83570412517781
426,427,80.32232771469717,373.86420999495203,127.28975265017668,105.76880363452801
427,428,53.955733242395546,474.8784602076125,139.53503460207614,106.87846020761246
428,429,14.743855863634003,323.2287371134021,119.1875,110.1423969072165
429,430,71.79057782770215,346.1345369831101,147.2195690157251,105.71927781013396
430,431,73.66339363757704,309.4218645204561,131.03487592219986,106.48960429242119
431,432,32.26483153178988,395.4306095979248,138.46822308690014,108.90661478599222
432,433,44.240232082571204,413.83760058522313,134.64081931236285,108.94586686174104
433,434,72.4730588842283,330.6727861771058,122.5561555075594,106.47516198704103
434,435,47.05264676379328,380.79891838741395,133.04080629301868,106.42822025565388
435,436,34.97962050440426,444.16631908237747,123.54483837330552,106.51094890510949
436,437,39.02689102470966,316.32940768964323,124.46588153792865,107.17457568410114
437,438,60.304040827536845,327.5886454183267,117.39940239043824,106.43426294820718
438,439,18.2392539370757,352.42518981688255,154.11924966502903,108.05538186690487
439,440,28.39753218913119,339.1205951448708,126.5732184808144,107.0422866092404
440,441,23.097865492764793,340.1763208147677,136.22565245066838,108.13017186505411
441,442,64.99456235112312,335.56029411764706,134.30980392156863,110.14411764705882
442,443,64.2559884318076,432.6989657049537,154.41589548176376,108.41970604246053
443,444,65.87502538785219,441.1161351737268,149.96953831508804,108.0552118039029
444,445,22.465040180697574,411.4244343891403,128.33755656108596,109.49502262443438
445,446,69.57508174240292,329.2457091237579,117.66937669376694,106.8446251129178
446,447,32.33655190472646,432.5732700135685,180.70624151967436,109.76051560379919
447,448,70.93836665618409,443.4558333333333,119.43666666666667,106.62333333333333
448,449,47.94825072644659,473.4798534798535,171.6886446886447,107.48403976975406
449,450,64.71110255305048,362.41292307692305,140.8590769230769,107.56307692307692
450,451,41.635809999344026,375.61037891268535,130.6326194398682,107.58649093904448
451,452,68.94562157952794,415.8177024482109,149.75028248587572,107.33258003766478
452,453,59.457356907011956,334.0955483170467,132.18241042345278,107.9641693811075
453,454,10.218845504462786,377.0690909090909,127.64472727272727,110.25381818181818
454,455,25.230919557936208,355.91927346115034,131.0443995963673,108.5191725529768
455,456,6.736764853175262,283.5206502636204,120.74824253075572,105.6195079086116
456,457,65.09116268047745,367.4716088328076,139.46372239747635,107.71924290220821
457,458,49.04602748203279,383.21992378878605,154.40174197060423,107.00544365813828
458,459,24.576806965148787,378.21522556390977,140.90131578947367,108.41212406015038
459,460,53.17770469432585,430.2496711391739,150.7542751907393,107.05235464351486
460,461,6.646782011538675,304.5306427503737,125.99476831091181,107.69207772795217
461,462,8.4039955472775,309.0576208178439,138.49702602230482,107.97695167286246
462,463,51.93607094589018,375.2729912875121,128.5275895450145,108.00580832526622
463,464,57.54808835392674,407.335182767624,132.1351174934726,108.01697127937337
464,465,57.83937372168586,330.9814189189189,131.48817567567568,106.71537162162163
465,466,53.151844920716606,408.0709368452559,139.0826099970069,106.72942232864412
466,467,52.559917194139814,313.8694109297374,114.03477643718949,106.24911284599007
467,468,26.367196043899256,418.2250499001996,175.00499001996008,109.7559880239521
468,469,8.37325796085231,334.8200175592625,122.77436347673398,108.29455662862159
469,470,32.28177227453648,417.7896865520728,151.20020222446917,109.92719919110212
470,471,25.644457719285825,401.64109902690325,158.25930165998855,108.65140240412136
471,472,37.89060248921658,302.8828828828829,117.29729729729729,107.32432432432432
472,473,47.32156484670659,435.2998921251348,134.4163969795038,107.54692556634305
473,474,37.149121945305346,454.2971756037659,144.1702824396234,109.91649611133852
474,475,43.17191042966966,315.6996138996139,126.11196911196912,108.53436293436293
475,476,59.024190060263415,361.2268704746581,133.9847144006436,107.89380530973452
476,477,13.086446852882752,450.03627232142856,143.18024553571428,108.53404017857143
477,478,28.370992935710433,498.3508338480544,139.22421247683755,111.76652254478073
478,479,57.185354671733336,431.7358490566038,129.35849056603774,106.24694783573807
479,480,15.75185153721657,390.3956460009465,183.90250828206342,109.95646000946522
480,481,38.292555726616385,399.8702737940026,113.5671447196871,106.41069100391134
481,482,44.17981312470671,487.562855891371,148.64345159877354,108.03022339027595
482,483,14.40141921384542,385.0124164278892,185.13276026743077,108.5487106017192
483,484,41.7630362032325,394.3169741697417,125.59815498154981,107.64464944649447
484,485,16.185195114070773,410.5549132947977,153.17761429322124,107.02732527588019
485,486,27.44958430459469,384.2640826873385,153.1049095607235,106.85271317829458
486,487,44.79802741277766,388.85649546827796,149.3303121852971,107.74924471299094
487,488,47.156268560546806,424.5934553521908,128.8269550748752,106.98419301164725
488,489,42.89204172958667,300.154090548054,118.46227164416203,107.37251787132645
489,490,40.75047266558285,468.91812015503876,148.69573643410854,107.82412790697674
490,491,10.054939146347866,391.0665322580645,124.36189516129032,108.2913306451613
491,492,48.519718401115206,406.81065088757396,128.5532544378698,108.19625246548324
492,493,8.412089221941516,324.4575163398693,136.4570806100218,107.8483660130719
493,494,23.603698771367238,488.89899586532783,136.7814530419374,108.48257531010042
494,495,36.382410578361714,356.2133458646617,116.68139097744361,108.78571428571429
495,496,17.072317199511026,319.33996683250416,130.19237147595356,108.02653399668326
496,497,37.435063489266156,452.6591454632741,189.22659625540086,108.13970235237637
497,498,16.452021373325728,397.55894428152493,162.79296187683283,108.38123167155425
498,499,28.185985143807503,405.81213743864345,122.84560464078537,106.82552431950022
499,500,30.68142694890396,372.07050823192554,149.8990694345025,108.86578382247673
500,501,33.05507011279521,496.90839386602096,158.4136400322841,108.31961259079903
501,502,32.930356698665925,413.5096213531968,161.9292364990689,109.1018001241465
502,503,22.964421365252008,440.4866310160428,149.66488413547236,109.01604278074866
503,504,31.68482284594683,356.4001382170007,134.0449205252246,108.86040082930201
504,505,15.594637745973685,344.09390125847045,136.4782187802517,108.13746369796709
505,506,41.926211825788336,453.8628447024673,146.89404934687954,106.8367198838897
506,507,5.948999827244429,329.7226890756302,182.71176470588236,107.44201680672269
507,508,9.092351989044667,355.41520912547526,128.16349809885932,108.32471482889734
508,509,36.29233655342515,355.7549668874172,127.32781456953643,108.00066225165563
509,510,36.7575245109203,416.5806331471136,138.9098696461825,109.25810055865922
510,511,46.683691512928924,354.94301327088215,129.01873536299766,109.42779078844653
511,512,43.04724274735091,390.7681438664098,137.6518946692357,109.07642903018626
512,513,27.481058248199684,428.4053333333333,129.8431111111111,107.12444444444445
513,514,8.087050823312204,396.16558861578267,196.1362656317378,108.48296679603277
514,515,17.425245127362363,397.05184659090907,125.06889204545455,107.0262784090909
515,516,35.238651578434244,400.810615199035,136.5006031363088,107.88902291917974
516,517,23.96069780881556,490.30573012939004,177.39445471349353,108.23401109057302
517,518,7.231390606501943,542.178459611772,157.63118346900438,107.68816530995616
518,519,10.722123047272703,353.43065268065266,119.83158508158508,108.00407925407926
519,520,23.4287886421746,422.41070023603464,183.43823760818253,108.75059008654603
520,521,33.14313435395374,523.6961303462322,162.6867617107943,108.05132382892057
521,522,13.369294740484882,353.3875,111.24732142857142,108.92410714285714
522,523,26.214109432324882,460.74736398144245,187.72880641079712,110.33909742724589
523,524,15.6990145039726,401.5027548209366,115.95110192837465,109.29545454545455
524,525,17.929512112831468,262.4677538917717,128.56634544106745,106.88139362490733
525,526,18.397979974459478,344.60850222441917,133.22194760257045,109.4325259515571
526,527,18.436866200949158,481.04340155257586,146.42519407198307,107.25688073394495
527,528,18.827127895517492,419.20113314447593,134.44475920679886,108.61756373937678
528,529,15.003443755333187,317.37776517300057,134.93250141803745,108.8230289279637
529,530,23.25701692750972,513.6560082516761,160.83393501805054,110.70809695719443
530,531,17.816439509473877,473.5320555188367,234.63317911434237,111.11698612029082
531,532,8.354569240342837,295.36429809358754,132.8998266897747,107.39584055459272
532,533,15.030273333616144,413.77785564120535,161.21093202522775,110.94814295725298
533,534,31.553484471292553,487.94104991394147,185.89242685025818,110.16265060240964
534,535,7.45520092261831,330.83995584988963,124.5060706401766,110.05849889624724
535,536,8.783075161052835,328.97899159663865,124.6780462184874,107.82930672268908
536,537,10.142996442003083,420.584872471416,167.8575197889182,109.04089709762533
537,538,21.652204953241203,400.14054576189324,132.73967640666507,108.44747645496257
538,539,6.705960665848507,356.50289495450784,124.5277088502895,110.04466501240695
539,540,9.359818823931755,353.7362637362637,164.30316742081448,110.18552036199095
540,541,7.943175018239929,360.46028880866425,134.31107099879662,107.03549939831528
541,542,21.482037723467066,483.21374652363926,129.99404052443384,110.23718712753278
542,543,17.5585183276842,398.6028898854011,156.8784255107125,108.54459392127553
543,544,10.69935681306381,478.34702907711755,151.61378002528446,107.97787610619469
544,545,8.5350735054983,379.5181214905564,129.34711587544666,107.87544665645737
545,546,7.087434343757649,299.3391393442623,124.03176229508196,109.70491803278688
546,547,7.588662251329356,363.73216245883646,122.67782656421515,108.44840834248079
547,548,7.958676726562208,453.97748267898385,141.06004618937644,109.30427251732101
548,549,12.35137352832441,371.5432169433314,174.27074985689754,108.11734401831711
549,550,7.649821770609427,403.18510452961675,123.80400696864112,109.90548780487805
550,551,9.799079263369997,313.7569209993248,121.09723160027009,109.83592167454422
551,552,11.217698406281123,272.5078534031414,119.5671902268761,111.37696335078535
552,553,9.558851504773632,384.49786815349296,143.81797310593637,108.38766808789767
553,554,7.6845756301945185,330.42678478374154,127.14643043251694,108.14226159458052
