,cell_id,distance,channel_1,channel_2,channel_3,channel_4
0,1,2.401324652280728,1072.981027667984,338.301185770751,243.41501976284584,1067.4411067193676
1,2,6.894149505850448,1045.0172674946987,318.925477128143,222.9996970614965,965.2974856104211
2,3,5.958460471908026,989.778364116095,300.37203166226914,268.7862796833773,1409.174142480211
3,4,9.013400277022216,1015.4599850411369,298.4951383694839,241.47793567688856,1013.5437546746447
4,5,9.614441746429046,984.9976247030879,297.28345209817894,246.77197149643706,1101.9398258115598
5,6,7.704844878515419,1142.9955436720143,334.98573975044565,246.97326203208556,639.6229946524064
6,7,9.23381165587254,1106.2769811320754,336.8566037735849,226.53056603773584,1064.5803773584905
7,8,9.162235544294711,1154.0850785340315,332.8147905759162,249.0091623036649,1077.7598167539268
8,9,6.504254600668714,908.3233830845771,300.0074626865672,227.10323383084577,1186.6517412935323
9,10,4.7863171754881275,901.3386666666667,285.42133333333334,212.64266666666666,614.5573333333333
10,11,7.264867942889746,875.99,286.12666666666667,216.69416666666666,916.0025
11,12,6.6614163054426525,802.7661188369153,288.1378002528445,190.6118836915297,717.141592920354
12,13,6.965471315691617,840.6495145631068,283.79223300970875,175.82621359223302,572.8737864077669
13,14,6.17936772937463,561.2859025032938,200.89986824769434,163.46903820816866,426.66139657444006
14,15,6.7767368930826235,602.5230607966457,190.9308176100629,154.25157232704402,390.74109014675054
15,16,9.05720266197056,695.2648440837249,264.438701409654,172.96710807347287,583.0371636052969
16,17,10.083006639847678,753.2595029239766,304.3106725146199,205.35087719298247,702.7704678362574
17,18,7.132357964626476,635.76677852349,304.6744966442953,197.5268456375839,901.8288590604027
18,19,8.838798788146827,974.206711409396,330.1791946308725,201.36308724832216,839.8255033557047
19,20,7.744796600172893,713.6736111111111,260.5375,218.34305555555557,652.6194444444444
20,21,12.327812109828457,1013.4136929460581,335.1319502074689,249.07095435684647,857.1336099585062
21,22,11.667781962577244,1136.6260330578511,333.6955922865014,282.73415977961434,861.9400826446281
22,23,9.056744535865805,998.5826771653543,271.1732283464567,246.90551181102362,1033.6666666666667
23,24,8.366582227452714,1144.6135770234987,283.28546562228024,239.28894691035683,1222.1401218450826
24,25,9.448268314324107,1109.5059523809523,325.23809523809524,266.03826530612247,703.7363945578231
25,26,21.041476373686717,1366.4132390745501,354.39395886889463,401.48071979434445,927.6259640102828
26,27,12.362538971518246,1445.5355603448277,319.45150862068965,418.35775862068965,1021.9525862068965
27,28,9.785945642245455,1371.637254901961,376.08088235294116,257.4203431372549,1109.1164215686274
28,29,17.27083361231551,1617.747663551402,364.85669781931466,429.3935617860852,866.4984423676012
29,30,18.214769954246577,1502.1201550387598,344.687338501292,438.5012919896641,920.8527131782946
30,31,9.883888361552945,1364.9752988047808,375.42231075697214,280.1657370517928,1018.5729083665339
31,32,9.738043955989056,1045.3453874538745,311.26863468634684,311.9431734317343,847.0250922509225
32,33,7.440127233935699,760.8982456140351,221.83859649122806,156.55906432748537,303.8514619883041
33,34,19.170245831629707,1277.1680185399769,332.9061413673233,385.23638470451914,1237.6349942062573
34,35,24.27529498138798,1362.7107843137255,355.4738562091503,348.718954248366,1076.3022875816994
35,36,19.04856873814939,1279.61669829222,362.25426944971537,328.02846299810244,913.5692599620494
36,37,11.513736869611458,1049.795918367347,302.4756671899529,288.3053375196232,864.1538461538462
37,38,9.469483450265828,1274.6913838120104,364.1817232375979,246.50391644908615,928.998955613577
38,39,23.28734708615244,1534.601818181818,409.7227272727273,293.9590909090909,922.9090909090909
39,40,16.080384433643452,1455.175572519084,356.1832061068702,363.9179389312977,949.3912213740458
40,41,32.8366107939376,1470.5396825396826,354.22902494331066,384.66893424036283,1171.7097505668935
41,42,23.88156008595599,1267.2515856236787,354.0137420718816,368.40909090909093,1039.7272727272727
42,43,15.554380648824573,1528.2233223322332,397.2035203520352,343.6523652365237,772.7194719471947
43,44,8.389820215997371,1141.2506596306068,335.38786279683376,236.2532981530343,1359.0039577836412
44,45,17.599823067470542,1485.909518213866,395.021151586369,334.2878965922444,850.1421856639248
45,46,20.49096838009658,1399.7038327526132,357.54982578397215,412.15191637630664,934.1895470383275
46,47,31.292186946006424,1422.950857142857,420.0285714285714,325.58285714285716,851.2702857142857
47,48,33.22569868358871,1520.008512363194,412.4292663153628,334.88406972030805,901.935143899473
48,49,20.556349244361094,1420.6821106821108,402.3861003861004,359.2934362934363,900.6184041184041
49,50,11.195791387450235,1312.3175074183976,364.70771513353117,323.4525222551929,608.1795252225519
50,51,10.271922531972418,1347.8250345781466,331.83056708160444,283.0871369294606,718.804979253112
51,52,16.52372164285209,1668.5430370888732,396.92652204338697,368.1231630510847,934.0426871938419
52,53,7.210836590194441,1200.1531007751937,255.53100775193798,387.4651162790698,829.9961240310078
53,54,26.380065659006085,1533.2683438155136,425.20300489168415,330.2229210342418,843.4626135569532
54,55,25.65068012549213,1554.3723482077542,408.46232626188737,327.26956839795173,915.075713240673
55,56,6.728227311907605,1156.8956916099773,297.5442176870748,348.54648526077096,1392.1451247165533
56,57,40.640531825517755,1395.8640996602492,408.8233295583239,286.5260475651189,738.083805209513
57,58,11.949002689818078,1148.0234864300626,301.6889352818372,263.26565762004174,864.7296450939457
58,59,33.35339412520512,1611.1354916067146,476.3429256594724,260.83213429256597,812.0599520383693
59,60,10.139626606805109,1296.1178294573645,349.9813953488372,349.85271317829455,592.1767441860466
60,61,17.790476855525004,1655.0924784217016,414.07644882860666,321.01356350184955,806.6202219482121
61,62,25.471352337179106,1709.9505541346973,506.7826086956522,300.21824381926683,824.3290707587382
62,63,9.445786241166484,1107.1167707832772,269.14079769341663,235.35031234983182,768.7722248918789
63,64,19.32133774875789,1843.1597682119204,410.1862582781457,430.0827814569536,808.6688741721854
64,65,34.2007052403791,1168.6511954992968,360.62025316455697,230.85372714486638,731.4261603375527
65,66,9.88386436411356,1332.6926877470355,362.5978260869565,306.7806324110672,1150.0652173913043
66,67,26.655980875539964,1403.9363431151241,439.9494356659142,237.53769751693002,836.1778781038374
67,68,14.817633202061101,1401.3961573650504,324.3787740164684,378.7410795974382,994.2342177493139
68,69,28.98223237433646,1465.2553509208562,440.1752115480339,280.1224489795918,878.286212045794
69,70,7.909190404978695,1415.2476744186047,382.81162790697675,299.8790697674419,985.75
70,71,12.881539134187365,1859.235970250169,526.2467883705207,280.8018931710615,791.1751183231913
71,72,12.978758114767983,1464.0434933890049,396.4857341684064,299.2849686847599,849.0100904662492
72,73,24.292416222298055,1489.5893134513824,475.9251320285803,212.35663249456354,779.7347002174588
73,74,7.742867552704137,1534.186161449753,357.6161449752883,330.8830313014827,744.0148270181219
74,75,15.276768158042945,1363.9972222222223,351.81666666666666,285.9861111111111,797.9537037037037
75,76,12.481423839601055,1565.3185271770894,353.2419637638808,367.33898305084745,801.7527761542957
76,77,33.72417056989706,1581.6551264980026,477.1478029294274,236.23781624500666,859.0468708388815
77,78,17.254809064011624,1321.9633543548662,435.8368842679393,180.23146412135674,690.966933696949
78,79,8.507039333496976,682.9871685201026,201.15055603079554,177.99657827202736,519.7459366980326
79,80,18.876570633989505,1617.6905829596412,363.28550074738416,381.16517189835577,661.1718983557548
80,81,8.39993243615278,897.7309090909091,244.05,206.10454545454544,983.4327272727272
81,82,29.34755412300261,1535.0599078341013,392.9041474654378,255.82119815668202,815.2442396313364
82,83,13.121237846283583,1778.2847124824684,573.8485273492286,201.93688639551192,793.7896213183731
83,84,10.949008431336988,1805.784003421728,581.2108639863131,239.8109495295124,894.043627031651
84,85,36.59777346217538,1822.919642857143,533.0345238095238,195.79285714285714,785.6488095238095
85,86,24.081924907947368,1392.3529055690074,440.45641646489105,197.06658595641647,817.1156174334141
86,87,12.264701647170996,1619.2188488298546,459.96204933586336,283.36938646426313,884.9677419354839
87,88,13.449753232099372,1348.9425207756233,498.63296398891964,211.22783933518005,974.9051246537396
88,89,8.008780788176558,1068.5813492063492,309.2281746031746,196.4920634920635,955.0376984126984
89,90,16.217737260088676,1729.8629994810588,546.3866113129217,232.613907628438,911.7493513233005
90,91,7.731845981294864,1435.0874251497005,389.1425149700599,255.0,828.8634730538922
91,92,9.007714344490646,1312.053180396246,345.88842544317,272.599582898853,671.2095933263817
92,93,27.99673584441424,1635.1292824822237,530.4027149321267,235.59469941822883,1040.9903038138332
93,94,19.75338593524361,1682.7404336734694,463.7174744897959,242.9655612244898,722.0082908163265
94,95,34.34929123000114,1509.9028037383177,521.477570093458,184.79345794392523,785.6714953271028
95,96,11.84004743205698,1309.221322537112,364.92712550607285,320.6923076923077,908.0904183535763
96,97,6.175855902512005,701.0972972972972,283.60360360360363,192.10270270270271,861.8144144144144
97,98,24.34478241608355,1682.9680989583333,443.1399739583333,295.3932291666667,808.6028645833334
98,99,10.072369506193182,1410.6285714285714,364.73679653679653,327.7506493506493,666.2017316017316
99,100,30.085027073462797,1274.5967107615302,369.2209510189489,216.20021451555237,781.0300321773328
100,101,58.950218645671136,1552.3368834080718,497.68329596412553,177.34529147982062,784.432735426009
101,102,19.97553416291211,1369.6963509991313,371.5894874022589,295.9774109470026,797.4622067767159
102,103,56.55987460915228,1556.9571719918422,491.2100611828688,166.75526852481306,633.3847722637662
103,104,40.46845289795306,1339.4082278481012,458.6086497890295,206.30696202531647,1077.3586497890296
104,105,7.585291794078856,1143.6353101567825,281.7266530334015,270.0511247443763,1042.4798909338786
105,106,10.283994275033432,1310.6062759029012,291.5553582001184,282.0757844878626,718.6234458259325
106,107,51.40594078270864,1555.4563650920736,450.3410728582866,175.58526821457167,854.7453963170536
107,108,35.750879568830634,1554.7992733878293,460.7661217075386,245.98773841961852,842.1521344232516
108,109,24.611372423805257,1730.610759493671,371.710970464135,332.5010548523207,643.4335443037975
109,110,23.146315373916902,1805.8730650154798,382.87074303405575,343.7856037151703,615.9899380804953
110,111,20.325562234894605,1557.3436499466382,336.36286019210246,283.72358591248667,619.1291355389541
111,112,56.623209385175194,1338.0298661174047,399.0123583934089,178.29454170957774,773.0391349124613
112,113,49.92163020101194,1414.3589021815624,433.0387051372273,183.4792399718508,942.0281491907108
113,114,70.78243064263988,1324.6762327158883,386.3981215757892,166.53795982259328,705.1280980954866
114,115,9.866089991380312,1209.9765258215962,301.4863849765258,313.2225352112676,964.4619718309859
115,116,41.41873725389945,1294.936093609361,436.9207920792079,195.35283528352835,872.2583258325833
116,117,13.044647056331085,1513.2429408630794,417.9280767181673,235.59350026638253,701.2392115077251
117,118,25.172451112017797,1798.452787258248,410.77815699658703,268.37428896473267,608.0967007963595
118,119,69.94339564376632,1513.0086678832117,410.36861313868616,165.00136861313868,704.0939781021898
119,120,16.693503999922015,1135.9145658263305,279.93697478991595,245.34173669467788,494.3011204481793
120,121,6.854108301804121,1431.144271570014,333.62093352192363,286.970297029703,973.6916548797736
121,122,57.36170371581499,1563.9833178869324,460.047265987025,165.94624652455977,657.9221501390176
122,123,28.125481842917743,1559.4867656552615,392.94512588766946,291.62685603615233,798.2130406714009
123,124,26.290368450781067,1664.4077201447526,495.46320868516284,228.3932448733414,735.453558504222
124,125,3.9916815114652993,918.1472868217054,238.8217054263566,202.69767441860466,906.2093023255813
125,126,43.676508492389445,1197.1371780515117,406.471444568869,166.6352183650616,643.9792833146696
126,127,15.171768392140937,1729.873725490196,466.9419607843137,232.3843137254902,701.5756862745098
127,128,20.69340258054878,1686.650521609538,409.6602086438152,282.2295081967213,694.4396423248883
128,129,22.210290780887288,1409.4031948881789,441.702875399361,241.95335463258786,625.9782747603834
129,130,39.21224009546453,1397.520591341077,383.42977824709607,234.5649419218585,851.661034846885
130,131,10.659355217675783,1720.0634495084896,414.7033065236819,243.61572832886506,702.1054512957999
131,132,64.26566978594688,1311.5365025466892,355.6621392190153,162.44482173174873,711.0220713073005
132,133,7.518249989000958,490.4662162162162,154.01013513513513,133.3158783783784,573.5050675675676
133,134,82.8741595248147,1350.9479623824452,454.41943573667714,163.3310344827586,616.8269592476489
134,135,93.93473289807214,1381.9832735961768,462.700119474313,168.28554360812424,709.4372759856631
135,136,5.630025143188534,1142.887640449438,274.375,245.2134831460674,1078.7036516853932
136,137,52.80704009841814,1333.8926905132193,359.6438569206843,190.21461897356144,627.4245723172628
137,138,26.588368217224932,1521.8575129533679,408.36139896373055,259.00129533678756,643.7694300518135
138,139,24.023968164209112,1620.029438822447,459.6651333946642,225.48666053357866,806.161913523459
139,140,8.75060800759454,1384.0316205533597,361.5474308300395,217.15217391304347,814.901185770751
140,141,51.431321750076904,1374.8587162932017,442.2073680212685,162.86593239650588,657.0353209266996
141,142,20.217898158264088,1365.122891566265,385.3277108433735,234.99096385542168,825.6192771084337
142,143,62.07653673347189,1260.1743119266055,460.27064220183485,170.5137614678899,681.3532110091743
143,144,79.49871465370447,1345.6889031430403,433.8037203335471,163.87171263630532,682.3450930083387
144,145,9.553732251876678,1361.8035043804755,338.45306633291614,268.89612015018776,847.6539424280351
145,146,31.37539591222899,1544.242442936459,489.19617520049354,211.00308451573102,746.4182603331277
146,147,11.8096294609565,1362.2797527047912,362.5115919629057,305.6800618238022,809.0649149922721
147,148,18.57488815593512,1479.441050375134,439.09753483386925,245.47963558413718,780.9614147909967
148,149,100.73257717330934,1336.3700325732898,372.1355048859935,159.8742671009772,704.4912052117264
149,150,33.823711392297454,1409.9524506217995,479.8745427944404,196.94659839063644,846.3054133138259
150,151,53.28395174351264,1201.9164952694364,427.23364870423694,174.30686960098726,678.7424928013163
151,152,9.73720127348582,1177.39289740699,297.0,252.14487034949266,675.0400225479143
152,153,10.969347875473401,1643.911733615222,375.5607822410148,411.1458773784355,684.0470401691332
153,154,18.878410805744224,1591.7698630136986,403.5458904109589,249.94794520547944,778.0335616438356
154,155,69.46901800267025,1348.3932584269662,433.0299625468165,164.40823970037454,684.6142322097378
155,156,66.83056283835116,1358.0979133226324,426.3756019261637,161.80417335473516,792.6420545746388
156,157,50.33940663496709,1300.7497532082923,475.51085883514315,170.84797630799605,656.1298124383021
157,158,92.42211739701378,1273.832630098453,426.62869198312234,167.31504922644163,758.1026722925457
158,159,60.39700040794236,1207.6605504587155,401.7849133537207,158.16207951070336,581.2140672782874
159,160,19.13678261529753,1750.4921052631578,485.4947368421053,272.3078947368421,860.5263157894736
160,161,22.0207797691748,1528.5836516424752,473.9281894576012,262.1695951107716,793.8838808250573
161,162,5.419456344690873,1240.9010152284263,339.97715736040607,250.00507614213197,726.8121827411168
162,163,37.9376619295612,1339.8060420315237,432.7158493870403,200.58187390542906,594.176007005254
163,164,11.084019142507342,1184.5708371665132,302.7341306347746,250.75252989880406,773.8804047838087
164,165,9.409125622160609,1260.182207931404,310.56162915326905,241.68703108252947,657.7277599142551
165,166,5.868268541747958,856.5142857142857,109.71428571428571,110.52,114.85428571428571
166,167,30.57248316476506,1634.2569610182975,489.43198090692124,275.4256165473349,775.2569610182975
167,168,66.42513415227702,1363.602721970188,423.1808165910564,163.59818535320804,669.4523655217109
168,169,107.79389476974346,1355.110902255639,442.86654135338347,162.40225563909775,745.5657894736842
169,170,89.86140395175332,1315.9714285714285,375.30084033613446,154.44201680672268,617.8168067226891
170,171,7.71600672722245,400.45714285714286,126.96349206349207,118.56190476190476,128.57777777777778
171,172,16.536057626847644,1372.7096114519427,380.83844580777094,256.84662576687117,701.1963190184049
172,173,9.450371531058401,1451.8073047858943,349.98614609571786,270.29722921914356,786.2808564231738
173,174,59.92355318653196,1378.1335740072202,455.36191335740074,159.17509025270758,609.7563176895306
174,175,100.09047087067239,1165.3867647058823,367.66617647058825,151.58382352941177,659.2794117647059
175,176,95.00903292113277,1226.1808383233533,372.2431137724551,154.1676646706587,583.3233532934132
176,177,40.64919747368067,1419.7432354634427,481.3316062176166,191.5411629245826,854.3177892918826
177,178,10.294120371368233,1431.08315565032,375.20682302771854,273.83155650319827,924.2132196162047
178,179,56.22596858922158,1194.936660268714,434.3378119001919,184.03646833013437,822.3493282149713
179,180,33.198800397042426,1692.605752961083,537.736040609137,211.0456852791878,796.5019740552735
180,181,79.43995479822073,1075.1409214092141,429.7669376693767,153.38482384823848,499.58265582655827
181,182,51.847788974420766,1177.0057755775576,407.76237623762376,168.90841584158414,738.812706270627
182,183,6.961591123050883,815.4751830756712,210.55736371033362,185.72497965825875,1018.8812042310822
183,184,16.4549777360778,1381.0540265035677,309.08868501529054,257.769622833843,757.1885830784913
184,185,68.74261417125724,1250.8675889328063,447.9505928853755,169.5098814229249,808.8833992094861
185,186,19.96149009708964,1230.9693845673228,390.9931271477663,242.20649796938457,717.5398313027179
186,187,90.80516448672299,1490.8997429305912,444.53470437017995,158.19794344473007,599.508997429306
187,188,37.33323024196819,1287.0291139240505,438.40253164556964,223.8253164556962,873.0632911392405
188,189,114.42527816326223,1229.3201634877385,413.4659400544959,157.224795640327,621.2697547683923
189,190,10.2498468719067,1450.49083503055,310.10692464358453,369.9562118126273,660.8258655804481
190,191,17.187570351345666,1102.2489795918368,266.7612244897959,341.9877551020408,680.165306122449
191,192,8.266355930693033,1261.4080962800874,334.68490153172866,236.10503282275712,688.6126914660831
192,193,34.20160098984793,1436.5405405405406,413.96450181524807,218.9560306575232,877.4776119402985
193,194,43.82159122101091,1266.822984244671,422.86468952734015,187.1158480074143,832.9879518072289
194,195,7.981131172598363,1268.8,314.55744680851063,282.663829787234,728.9148936170212
195,196,16.76198246213081,1578.7882736156353,368.0798045602606,326.8102605863192,760.9014657980456
196,197,28.56957778884749,1463.178937558248,408.64026095060575,316.8502640571606,772.4032308170239
197,198,28.56416564751192,1672.2186299615878,449.6686939820743,295.809218950064,839.0371318822023
198,199,29.884945315148965,1666.9286713286713,440.0237762237762,247.4,777.2713286713287
199,200,106.3188641187575,1245.6936026936028,413.34343434343435,164.23232323232324,758.4309764309764
200,201,85.9769452362214,1248.0111420612814,370.6908077994429,158.02785515320335,647.8885793871866
201,202,68.13553600496022,1236.762331838565,448.7982062780269,161.85650224215246,549.9103139013453
202,203,78.67780460667494,1279.7968,423.7648,164.7888,755.8112
203,204,62.475166960290515,1262.695558739255,450.4412607449857,167.71848137535815,681.682664756447
204,205,56.300942256781504,1432.0007867820614,467.96223446105427,186.8245476003147,695.8544453186468
205,206,55.04021942210618,1225.5660725261216,424.0307314074985,166.55869698832205,669.781192378611
206,207,90.4186452584757,1323.0469348659003,417.87164750957857,157.57758620689654,698.948275862069
207,208,75.59229648223614,1168.2613430127042,409.21415607985483,166.48457350272233,663.5172413793103
208,209,43.80403489399546,1421.5160026126714,454.833442194644,198.32854343566297,808.4944480731548
209,210,16.28544327537277,1561.591628959276,371.5237556561086,346.39932126696834,810.3642533936652
210,211,74.98603156278092,1075.1179321486268,366.58239095315025,166.79644588045235,743.4168012924071
211,212,13.418178891247443,1534.0276872964168,374.56107491856676,261.44218241042347,896.7980456026058
212,213,94.58895280182793,1435.5700325732898,425.02388707926167,159.44625407166123,597.6840390879479
213,214,11.192698102618026,1296.3824492468893,344.19187950229207,303.9417157825802,945.4440078585461
214,215,21.580062643234438,1342.789100290229,364.3237665269268,298.29764592067073,819.9119638826185
215,216,23.726717783817282,1782.3164005805515,417.3759071117562,368.611030478955,711.0696661828737
216,217,9.526782947795027,1145.4558587479935,320.52247191011236,253.81139646869983,938.5144462279294
217,218,89.01369876666989,1155.4758771929824,433.50219298245617,158.43969298245614,541.8706140350877
218,219,8.832682445311953,951.2172489082969,270.8919213973799,294.8646288209607,752.8515283842795
219,220,8.915489738289464,1037.4548736462093,281.8519855595668,371.2418772563177,707.1588447653429
220,221,43.71377143873343,1190.6067415730338,405.6677367576244,186.44060995184591,710.3418940609952
221,222,15.06142166006736,1681.197493734336,451.0406015037594,242.20100250626567,690.1604010025063
222,223,77.50930715580172,1265.4224137931035,391.5833333333333,163.3405172413793,646.9698275862069
223,224,53.68292254351812,1239.319526627219,408.04881656804736,180.9023668639053,755.8668639053254
224,225,38.90685949338502,1499.8868454661558,417.6965517241379,263.07458492975735,808.5652618135376
225,226,119.29174670912352,1239.676966292135,373.7247191011236,152.54775280898878,648.8426966292135
226,227,29.659190054545864,1361.811149032992,418.6871444823663,217.032992036405,728.0204778156997
227,228,101.28593520928435,1048.728051391863,303.9357601713062,150.59957173447538,577.0
228,229,12.21999360534269,1283.9690177982861,356.51680949241927,344.0349373764008,919.0065919578115
229,230,45.78472208933919,1206.3520933424845,424.586135895676,199.98901853122854,969.4193548387096
230,231,17.56622474257625,1313.1875647668394,336.8694300518135,300.85284974093264,605.8113989637305
231,232,50.930501383166536,1288.8291571753987,372.9601366742597,185.8204252088079,824.004555808656
232,233,122.01088286217737,1257.3360655737704,463.7745901639344,165.04508196721312,807.577868852459
233,234,49.20354758146676,1261.435602094241,409.0219895287958,179.67853403141362,744.5005235602094
234,235,9.403447354294606,1153.7791741472172,269.30341113105925,262.50987432675043,984.0700179533213
235,236,88.05183519261303,1185.608339538347,385.83395383469843,166.13700670141475,764.8711839166047
236,237,99.92358712843738,1123.722033898305,373.67627118644066,159.52372881355933,673.9525423728813
237,238,71.12386633477372,1172.50582010582,419.34814814814814,160.04761904761904,605.3322751322752
238,239,12.29596625443771,843.317673378076,294.4765100671141,310.0313199105145,1160.2125279642057
239,240,33.10703046899364,1632.0872483221476,492.9469798657718,270.76442953020137,759.6248322147651
240,241,85.93455802069903,1139.1916817359856,398.8372513562387,156.29113924050634,589.5153707052441
241,242,10.084470527102633,1110.592351505289,312.7314890154597,276.6257119609439,1186.0895036615134
242,243,43.77199275477949,1423.0299319727892,426.00272108843535,286.5795918367347,853.2231292517007
243,244,46.997685172833386,1562.3343621399176,469.1759259259259,193.94958847736626,930.0154320987655
244,245,19.08232801831272,1319.9529569892472,312.3971774193548,358.2627688172043,723.4697580645161
245,246,73.67581970844506,1128.3661971830986,307.24178403755866,159.04460093896714,557.9460093896714
246,247,106.526127335157,1070.7363265306121,398.7167346938775,160.14530612244897,750.6734693877551
247,248,63.68479003994111,1421.484375,497.6736111111111,175.29166666666666,673.5555555555555
248,249,10.567118482655797,1190.1368670886077,335.91416139240505,279.440664556962,1033.5118670886077
249,250,51.761846485159396,1174.314847942755,388.01967799642216,187.3282647584973,716.2862254025044
250,251,43.256927396370365,1254.621212121212,394.449494949495,199.79545454545453,741.7727272727273
251,252,125.14046054067306,1254.4125452352232,373.7864897466828,156.17249698431846,643.6887816646562
252,253,72.80330541029767,1361.9217948717949,393.75897435897434,165.44615384615383,738.025641025641
253,254,83.5595458434095,1023.053651266766,384.52011922503726,165.66616989567808,847.8643815201192
254,255,25.664265682818222,1271.5365853658536,341.64769647696477,298.1260162601626,891.6233062330623
255,256,111.22422736994744,1052.7521246458923,439.09773371104814,153.27195467422095,531.2832861189802
256,257,25.128816913735896,915.3816425120773,279.93816425120775,333.21256038647346,1481.7004830917874
257,258,33.222458123792606,1184.343152866242,349.86624203821657,261.54179936305735,895.8415605095541
258,259,46.56450262600566,1390.0250109697236,424.1461167178587,222.882404563405,756.471259324265
259,260,17.210285613697966,1378.3444771329232,386.8574485156459,306.6031024338058,848.3835250066862
260,261,19.183639960679695,1010.5283018867924,333.6391509433962,334.0448113207547,1223.4834905660377
261,262,14.908106679418108,1422.089296102385,388.521815008726,352.5541012216405,830.6119837114602
262,263,54.6610728928034,1266.2319078947369,386.4325657894737,201.05427631578948,725.1184210526316
263,264,55.46205274707296,1163.3912363067293,437.0224308815858,173.9415753781951,761.0109546165884
264,265,20.337133456034888,1441.9070473876063,447.65492102065616,298.74848116646416,795.1257594167679
265,266,28.899345489558563,1105.7007299270074,367.52372262773724,289.5821167883212,975.1733576642335
266,267,80.33032979837229,1122.3784126984126,389.28190476190474,161.3415873015873,651.9720634920635
267,268,133.5525304908416,1287.006396588486,393.35181236673776,154.01492537313433,627.2985074626865
268,269,8.225459996117738,1039.2465208747515,311.50596421471175,266.9821073558648,949.1679920477137
269,270,43.65223668721168,1463.14765625,448.121875,232.64921875,655.35625
270,271,92.88961365670838,989.6309719934102,339.6523887973641,151.62602965403624,545.5568369028007
271,272,63.48053861408,1317.6705357142857,445.2964285714286,176.36339285714286,705.49375
272,273,127.83958470344254,1062.8792207792208,373.6,148.97012987012988,538.825974025974
273,274,119.43424835987695,960.6942003514938,331.25131810193324,144.9683655536028,488.12653778558877
274,275,67.89951298388681,1380.130890052356,438.1895287958115,168.2565445026178,670.2921465968586
275,276,129.39015744295773,969.209595959596,330.9553872053872,148.54040404040404,585.4250841750842
276,277,140.90802593941933,1122.5983522142121,374.8764160659114,150.15756951596293,567.3316168898043
277,278,59.66722173255791,1354.7190332326284,390.41163141993957,193.6759818731118,901.0543806646525
278,279,36.88389373921979,1397.3707647628266,414.75024201355274,288.2274927395934,842.6292352371732
279,280,8.878449834798888,998.0070821529745,254.21104815864024,298.4957507082153,840.9362606232295
280,281,17.235806399046172,1100.9639917695474,326.3487654320988,345.5946502057613,1073.5473251028807
281,282,67.19459661191942,1161.109914759982,395.85374607447284,192.7205024674742,1052.8223418573352
282,283,89.82497375680524,1303.221768707483,410.5367346938776,166.7544217687075,777.5428571428571
283,284,48.917306960318946,1316.4932170542636,461.05523255813955,209.62596899224806,774.5658914728682
284,285,9.49933342253022,951.6875687568756,264.73487348734875,313.8239823982398,958.5753575357536
285,286,11.036479978741534,1628.6744604316548,343.5347721822542,389.50659472422063,693.2541966426859
286,287,22.265192103106973,1200.2588597842835,319.80893682588595,299.59784283513096,977.1402157164869
287,288,106.41730143106676,1156.997830802603,395.6876355748373,157.763557483731,599.8503253796096
288,289,121.92813197221908,1124.0961240310078,376.24341085271317,148.22170542635658,460.8
289,290,76.21637764712398,1391.2417910447762,391.4119402985075,171.14328358208957,738.8820895522388
290,291,93.03240992787576,1144.1533923303834,367.3466076696165,157.67846607669617,629.0457227138643
291,292,11.827624174282734,1384.4481171548118,300.45271966527196,356.76025104602513,697.0062761506276
292,293,69.54145773021585,1110.5180722891566,388.67243975903614,163.40813253012047,678.1498493975904
293,294,19.13658475400019,1412.7249478079332,349.57933194154487,320.6581419624217,695.883611691023
294,295,137.38078960535103,1067.8567073170732,356.1737804878049,157.64939024390245,647.530487804878
295,296,128.06607083070963,1037.049645390071,324.3272543059777,149.84903748733535,507.660587639311
296,297,32.819833619435585,1361.0505617977528,471.6302349336057,265.9479060265577,1004.4305413687437
297,298,20.925651440063422,1196.3993344425958,321.80865224625626,345.62396006655575,1004.0599001663893
298,299,67.21352236502287,1368.0861313868613,468.7357664233577,190.007299270073,832.4530413625304
299,300,79.86538305243079,1355.7295492487478,480.4340567612688,168.08514190317194,591.7178631051753
300,301,119.19786543733737,1134.712143928036,400.3418290854573,151.3718140929535,581.5652173913044
301,302,7.226081624225964,969.8303571428571,300.88988095238096,237.04166666666666,901.422619047619
302,303,25.264224866917665,1105.1637931034484,303.3261494252874,333.0258620689655,931.426724137931
303,304,58.67603848552818,1113.5488986784142,327.9162995594714,163.90220264317182,700.9400881057269
304,305,145.88765627881602,1097.025179856115,353.76906474820146,148.99712230215826,566.8474820143884
305,306,59.54746992165784,1319.519804666305,471.60553445469344,188.38578404774825,694.3212154096582
306,307,10.069256578567794,1077.7715415019763,306.1430830039526,265.60632411067195,712.1581027667984
307,308,116.38427887960272,1366.7821011673152,366.47081712062254,153.4785992217899,575.5719844357976
308,309,11.206826202857735,1365.5166561910748,313.71967316153365,374.6436203645506,758.12256442489
309,310,67.1583542833758,1527.7330729166667,483.2434895833333,184.47721354166666,868.283203125
310,311,40.69079970257003,1778.5095384615386,557.8892307692307,222.82215384615384,773.9796923076923
311,312,24.388452211451373,1265.2941810344828,427.98706896551727,259.46875,864.0161637931035
312,313,91.0550100123428,1177.4623430962342,339.2050209205021,161.77196652719664,727.4225941422594
313,314,54.11081569776677,1442.0603864734298,475.2657004830918,194.13768115942028,747.695652173913
314,315,20.503477584321505,1292.1384308510637,358.8400265957447,289.79148936170213,750.2898936170212
315,316,11.203875174464965,1159.571971496437,296.90783847981,308.1111638954869,678.3087885985748
316,317,142.6806076330095,993.2152521525215,409.0159901599016,154.3849938499385,567.7146371463715
317,318,43.701002358656396,1478.4815426997245,442.23636363636365,241.00110192837465,992.5757575757576
318,319,49.8333112753285,1422.7793904208997,517.7793904208999,179.60377358490567,849.7198838896952
319,320,99.56984744056057,1297.467741935484,434.98655913978496,163.82930107526883,764.4825268817204
320,321,33.9217859383506,1528.5970670391062,504.52793296089385,253.15083798882682,935.2953910614525
321,322,75.70745594889937,1217.875,394.4583333333333,163.88541666666666,741.2410714285714
322,323,19.49436625389735,1233.9196247930845,324.9935626264484,311.21813500091963,897.3290417509656
323,324,16.79741618106115,1326.1323076923077,265.9676923076923,376.3969230769231,910.8
324,325,25.297201190833775,1760.7803138373752,453.45126010461246,280.52353780313837,676.1982881597718
325,326,158.8076936154303,1074.036974789916,339.6873949579832,144.70756302521008,439.70084033613443
326,327,154.46257261029518,1014.5852941176471,251.81176470588235,145.21176470588236,560.875
327,328,51.76477201458585,1386.5718015665796,447.5004351610096,187.22106179286337,910.579634464752
328,329,67.65248077801543,1448.6433095803643,481.23277909738715,166.93032462391133,652.7897862232779
329,330,74.86409484711426,1423.027713625866,450.8683602771363,175.2671285604311,750.5688991531948
330,331,43.65254164209675,1399.7241564006426,431.1510444563471,254.72362078200322,963.7402249598287
331,332,55.74760847213744,1304.7384007897335,469.9328726554788,171.73543928923988,621.9506416584403
332,333,94.52683629483337,1144.855421686747,454.4066265060241,163.27409638554218,619.8975903614457
333,334,46.64048709557317,1470.9056603773586,468.7214206437292,186.00721420643728,799.3973362930078
334,335,129.68540062970777,1082.3502304147466,314.7304147465438,144.73963133640552,585.4377880184331
335,336,166.05857774654726,1077.3573170731706,374.65487804878046,150.15853658536585,535.15
336,337,145.58245751673195,930.9739130434782,365.4226086956522,149.80695652173912,553.1965217391304
337,338,61.14594236797822,1268.7972027972028,359.3746253746254,168.63436563436562,780.3636363636364
338,339,24.35352711535078,1597.5992555831265,442.14640198511165,278.32196029776674,817.4733250620347
339,340,148.57281400619704,1057.7473684210527,318.11929824561406,147.50526315789475,619.4842105263158
340,341,7.84509482236953,1034.271214642263,222.5873544093178,362.3594009983361,625.6855241264559
341,342,33.364299105798636,1323.7465753424658,395.2068493150685,244.97671232876712,730.2
342,343,80.62617119664908,1448.703056768559,457.635807860262,169.0349344978166,653.8445414847162
343,344,106.98048233292546,1116.3131672597865,389.44483985765123,151.5658362989324,492.5729537366548
344,345,35.67625807614569,1280.4925690021232,361.75690021231424,208.57537154989384,771.4087048832272
345,346,7.220646651121743,895.0622222222222,230.23555555555555,249.20444444444445,391.91407407407405
346,347,56.20625168074557,1249.0823211875843,476.04183535762485,176.09986504723346,760.2456140350877
347,348,43.183337732507454,1215.2994011976048,444.72854291417167,202.73652694610777,919.7584830339322
348,349,12.10560200248582,1052.9074561403509,256.5921052631579,314.8701754385965,788.0776315789474
349,350,49.505744148462504,1219.6435643564357,435.9789603960396,164.9269801980198,569.7512376237623
350,351,146.97750665251297,942.3645699614891,372.385109114249,146.73299101412067,540.5468549422336
351,352,44.16685697354564,1293.5646258503402,432.26190476190476,181.6360544217687,685.7755102040817
352,353,134.69943971298255,958.2692847124824,361.4880785413745,147.8499298737728,551.1290322580645
353,354,141.42633703664313,1150.0459290187891,420.96033402922757,150.23590814196243,477.7327766179541
354,355,67.03658581274092,1398.1369472182596,431.07988587731813,170.35378031383738,753.4707560627675
355,356,90.5430438812911,1274.7172236503857,367.59897172236504,167.6426735218509,648.866323907455
356,357,30.32768521753399,1436.993865030675,372.8282208588957,345.2960122699387,591.4447852760736
357,358,123.22416229670571,1072.5477707006369,395.9203821656051,141.07324840764332,387.0923566878981
358,359,35.27887840361015,1474.1955003878975,418.53064391000777,278.3188518231187,772.5050426687354
359,360,19.824140512057088,1726.2297297297298,428.2385135135135,290.80608108108106,692.6182432432432
360,361,18.868505098499472,1473.2659932659933,349.4324194324194,323.63107263107264,818.7936507936508
361,362,166.26706152932675,1161.3899497487437,377.74773869346734,148.31256281407036,464.2472361809045
362,363,124.82629527462656,1141.346,357.99,152.638,664.518
363,364,78.87660660666005,1405.880361173815,427.0925507900677,159.7607223476298,571.783295711061
364,365,67.6028383528409,1297.895498392283,443.15755627009645,170.35048231511254,701.6093247588425
365,366,38.54644407091792,1291.1950464396284,404.5108359133127,191.3544891640867,900.3297213622291
366,367,85.3806830917936,1026.1,440.5153846153846,149.59230769230768,517.4384615384615
367,368,115.86684694158477,1124.6276150627616,429.7991631799163,157.18619246861925,607.1213389121339
368,369,59.2408972280965,1284.9603305785124,423.21735537190085,177.0305785123967,955.6239669421487
369,370,107.54909828201612,1235.165991902834,432.03643724696354,154.34817813765181,541.8421052631579
370,371,84.09490140189145,1171.5697674418604,365.9360465116279,158.6608527131783,663.812015503876
371,372,97.38154158705682,1267.5915317559154,435.01992528019923,160.42216687422166,564.2652552926526
372,373,138.46237419166715,1226.2304900181489,437.36842105263156,150.45009074410163,461.7876588021779
373,374,125.8042242230386,1067.8755868544602,440.5892018779343,155.02582159624413,511.2981220657277
374,375,58.616863363721244,1241.1094839609484,421.96094839609486,185.0495118549512,863.5906555090655
375,376,142.36303176730408,1291.327399380805,428.0603715170279,149.45123839009287,509.10526315789474
376,377,102.36038924741229,1129.834879406308,426.6660482374768,151.9109461966605,499.4990723562152
377,378,8.646644263058878,1143.1392215568862,282.41616766467064,274.3884730538922,769.8637724550898
378,379,63.4639354216301,1306.0418535127055,407.9357249626308,161.5306427503737,628.1883408071749
379,380,72.54167306736632,1255.55893832943,404.58626073380174,166.167837626854,629.5620608899297
380,381,144.9984169888762,1153.1086497890296,347.1033755274262,140.98417721518987,464.24367088607596
381,382,79.39087554004435,1438.6486796785305,433.5556831228473,171.04247990815156,748.9942594718714
382,383,11.301778286989197,1266.5155986509276,315.49030354131537,295.3018549747049,770.4919898819561
383,384,124.59084386422704,1213.9810040705563,386.640434192673,150.81546811397558,566.3677069199457
384,385,7.807300815600488,1550.6877394636015,404.0153256704981,375.31800766283527,815.6551724137931
385,386,5.821099306812324,964.6309148264984,241.7192429022082,248.14195583596214,650.9652996845426
386,387,111.44854973215475,1113.0310192023633,377.86410635155096,156.00516986706057,591.7282127031019
387,388,32.400742233235356,1384.5876528829353,421.5404775771695,236.0547466511357,754.5853232382062
388,389,115.58786485217952,1018.9341772151898,329.4101265822785,142.13417721518988,310.72911392405064
389,390,78.61192460135314,1165.806157354618,367.672748004561,155.65222348916762,473.4150513112885
390,391,47.984334765184684,1378.725,505.65744680851066,207.45212765957447,1109.0526595744682
391,392,18.23301984981981,1470.3524332810048,419.68524332810046,282.5282574568289,806.5164835164835
392,393,52.05886956706013,1323.153044871795,395.2295673076923,180.32091346153845,790.9643429487179
393,394,94.58528441472536,1055.040632054176,389.7742663656885,163.3905191873589,676.2776523702032
394,395,10.456502678048885,1354.5488958990536,316.1940063091483,321.47712933753945,799.6451104100946
395,396,41.84124098642649,1372.1535580524344,448.3052434456929,205.53932584269663,1033.1479400749063
396,397,70.56849612826467,1118.5510662177328,358.668911335578,181.69135802469137,988.8866442199776
397,398,63.410196035558975,1295.7457501847746,382.14781966001476,169.57280118255727,672.3843311160384
398,399,7.795804144731284,1362.4756097560976,315.42017738359203,309.3026607538803,1038.6075388026607
399,400,64.49763385541341,1409.5447647951441,486.3831562974203,177.8535660091047,659.2003034901365
400,401,98.44161525035307,1229.7467204843592,423.2391523713421,161.47830474268414,680.2330978809283
401,402,19.032189337165196,1512.8803418803418,370.5089355089355,388.62160062160063,887.1787101787102
402,403,16.521534013280878,1428.5140449438202,426.5561797752809,274.85674157303373,907.3960674157304
403,404,70.74547732781605,1299.658244680851,426.32912234042556,170.61635638297872,689.686170212766
404,405,44.091170530887375,1307.8848614072494,443.592750533049,208.64818763326227,956.955223880597
405,406,8.531875268917616,1459.154067674586,382.4168466522678,320.32253419726425,880.4247660187185
406,407,60.33077001048796,1365.9443882709809,475.04752275025277,180.61375126390294,862.8270980788675
407,408,30.2482498032787,1356.7820965842168,416.77502944640753,246.36277974087162,942.9587750294464
408,409,99.61211509262141,1251.610229276896,353.50440917107585,153.0493827160494,568.1992945326278
409,410,30.791351218673242,1178.1904761904761,409.4016563146998,225.04140786749483,959.9627329192547
410,411,64.87732131404728,1091.8357142857142,394.6166666666667,163.1,621.3238095238095
411,412,14.327360652137468,1549.377659574468,403.2659574468085,415.6050531914894,853.7473404255319
412,413,8.667154384063869,1334.215456674473,341.3177205308353,347.8251366120219,886.0866510538642
413,414,61.38802244127237,908.2476260043827,321.881665449233,175.91964937910885,893.5339663988312
414,415,110.0151307565404,1200.6953020134229,357.089932885906,148.63624161073827,489.5181208053691
415,416,30.15392580311325,1230.700789177001,350.7661781285231,300.88680947012404,1072.1373167981963
416,417,7.0976831635896085,1195.3738317757009,315.5006675567423,242.21495327102804,783.8998664886516
417,418,107.66123470074665,1146.909090909091,220.53372434017595,153.3841642228739,668.3636363636364
418,419,22.118441950149943,1493.857142857143,364.11815252416756,433.51772287862514,1011.0494092373791
419,420,74.18061527557714,1073.0649895178196,310.23899371069183,159.77148846960168,649.6415094339623
420,421,55.12913274186176,1219.3296296296296,457.287037037037,164.22037037037038,589.8703703703703
421,422,86.05109148763137,1222.108695652174,326.1915760869565,163.0733695652174,621.0625
422,423,52.865259969861725,1145.9228441754917,416.48108925869894,176.07413010590014,761.036308623298
423,424,19.129317808967517,1378.9333333333334,366.2640692640693,307.66147186147185,833.2337662337662
424,425,30.68823173756092,1123.4844444444445,337.4111111111111,278.7611111111111,787.0044444444444
425,426,83.29391840505626,1413.5144578313252,436.3433734939759,161.1457831325301,588.5481927710844
426,427,39.87461820209704,1249.754800590842,390.70605612998526,204.97636632200886,794.7429837518464
427,428,16.15149697368557,1459.558651026393,346.7316715542522,450.17302052785925,1073.2903225806451
428,429,11.068454396869338,1185.810633213859,331.3888888888889,339.02150537634407,867.4707287933095
429,430,43.94143156811986,1288.2547213265775,332.07784431137725,285.3399355135882,1032.4394288346384
430,431,50.0617420055925,1359.567298105683,543.3539381854437,176.05483549351945,733.630109670987
431,432,86.48440701523444,1130.4967824967825,389.980694980695,150.32175032175033,447.3655083655084
432,433,41.34820977969138,1382.7417417417416,478.87687687687685,207.96846846846847,667.6756756756756
433,434,44.84883692872789,1195.3209990749306,406.5351526364477,234.6290471785384,1089.4417206290473
434,435,52.53196506926338,1479.578815679733,466.2343619683069,186.39199332777315,827.185988323603
435,436,123.724629900084,990.451566951567,308.1296296296296,139.37891737891738,431.8062678062678
436,437,8.155833788569858,1031.2250712250711,334.48148148148147,232.2545109211776,659.5014245014245
437,438,23.14854299264908,1229.5212933753944,311.3675078864353,415.2665615141956,1426.3422712933755
438,439,72.0074612426118,1276.816265060241,444.32530120481925,165.90963855421685,605.4367469879518
439,440,57.76860246592339,1364.4857142857143,506.9555555555556,178.47460317460317,770.8015873015873
440,441,42.0679448587326,1453.921998781231,468.8708104814138,228.86349786715417,851.6483851310177
441,442,32.23850795839243,1242.7786343612336,355.00881057268725,341.9647577092511,1100.8920704845816
442,443,65.1875045169525,1161.929281767956,374.63093922651933,156.9038674033149,622.9292817679558
443,444,134.3269217586156,1092.4941763727122,345.98668885191347,144.1747088186356,491.5174708818636
444,445,33.186209617703945,1450.572347266881,444.7877813504823,237.71061093247587,827.379421221865
445,446,85.81026331118693,1119.8839285714287,379.92857142857144,150.0,504.86607142857144
446,447,59.4760264942517,1049.9223107569721,340.3426294820717,173.37051792828686,859.6693227091633
447,448,68.85998498118398,1225.0921704658078,433.3587710604559,175.41625371655104,854.2368681863231
448,449,32.82053668187799,1425.1260744985673,392.4945558739255,299.13123209169055,1001.7042979942694
449,450,15.777476601270745,1404.8530534351146,330.14503816793894,339.5267175572519,580.0381679389313
450,451,18.84435086853111,1069.8758465011288,251.5237020316027,406.92325056433407,1231.5981941309255
451,452,49.18529106633313,1457.9317343173432,475.7380073800738,193.50369003690037,999.1439114391144
452,453,31.22289334649292,1402.8501712328766,385.62585616438355,310.79195205479454,1118.48801369863
453,454,40.536187851046,1327.5161725067385,416.02830188679246,205.91509433962264,853.7843665768194
454,455,6.427981876004242,1064.8197879858658,218.91872791519435,370.482332155477,708.6872791519435
455,456,22.65139504887112,1374.4661402569593,366.65551391862954,278.10264989293364,845.2311295503212
456,457,28.957875801878473,1398.7841251448435,367.91019698725376,316.5682502896871,865.7589803012746
457,458,28.610347674614072,1344.1728813559323,371.83276836158194,358.5853107344633,1266.9401129943503
458,459,74.46527776104564,1135.8122605363985,393.35632183908046,156.01340996168582,517.8065134099617
459,460,34.53930231260115,1260.5718524798644,403.1102161933022,229.6091564222128,814.4629080118694
460,461,9.149791399786523,927.6566523605151,318.8390557939914,257.15736766809727,617.118025751073
461,462,102.37549477629315,1119.7021806853581,340.4404984423676,151.7501557632399,535.803738317757
462,463,134.35245108029642,1057.5900321543409,308.2041800643087,143.2427652733119,449.3762057877814
463,464,76.5337992963633,1226.223650385604,426.01028277634964,165.27506426735218,529.2082262210797
464,465,33.91296922454745,1567.1503094606544,448.5048629531388,278.58355437665784,843.3934571175951
465,466,22.007869749511624,1189.5242171660284,338.3027708943456,296.2246001351656,859.7772020725389
466,467,58.38897746963482,1523.4878277153557,497.50468164794006,181.8370786516854,711.7022471910112
467,468,15.015264377159841,1118.4255261000274,339.72451489478,309.42279311287234,704.0456408854878
468,469,19.60310602220153,1384.4191387559808,347.5904306220096,435.69569377990433,1141.3913875598087
469,470,29.508929833629104,1183.7349768875192,378.6964560862866,307.9137134052388,790.0046224961479
470,471,26.254697665344203,1261.8864516129033,320.85548387096776,385.76,1183.574193548387
471,472,19.167023019513035,1610.6392009987514,354.5680399500624,424.4269662921348,999.8389513108614
472,473,10.321669465084078,1215.0893719806763,367.3164251207729,234.8816425120773,422.9806763285024
473,474,63.62237100469758,1214.9431818181818,444.00454545454545,188.22727272727272,838.0136363636364
474,475,22.837037764881313,1436.4995206136145,402.45254074784276,305.215723873442,848.8542665388303
475,476,15.767774235373528,1297.955669050051,349.0637385086823,308.9305413687436,817.1097037793667
476,477,36.408946089447724,1352.2192192192192,407.87267267267265,244.2966966966967,917.4102102102103
477,478,24.81438566243531,1522.620668693009,366.65531914893614,321.0996960486322,840.2632218844985
478,479,54.62069264641263,1306.762254901961,524.1176470588235,190.3406862745098,718.0404411764706
479,480,46.69522389516099,1136.1944739638682,360.24760892667376,211.89585547290116,886.2507970244421
480,481,9.03650212111691,1336.6308799114554,338.8317653569452,248.84560044272274,745.4277808522413
481,482,19.066719099590333,1337.8663060278207,378.34389489953634,359.66537867078824,1004.4969088098918
482,483,66.97760547084667,1292.155758077879,401.0306545153273,163.97265948632975,589.4871582435791
483,484,74.32714197684733,1341.5737704918033,419.7725409836066,172.16598360655738,784.6290983606557
484,485,54.8393833340798,1415.975,462.2241071428571,186.1625,733.9232142857143
485,486,61.42798070363465,1039.7640047675804,356.44934445768774,162.32777115613825,654.5280095351609
486,487,98.03855697488449,1032.8970398970398,311.5070785070785,154.32175032175033,637.4646074646074
487,488,46.952490224591365,1546.7716150081567,475.0358890701468,190.51386623164763,868.8711256117455
488,489,21.721627506117503,1514.7464698331194,414.301026957638,269.3344030808729,644.8690629011553
489,490,9.20339124413631,1289.7369439071567,288.9400386847195,363.3771760154739,892.3075435203094
490,491,23.397568439427584,1482.5849056603774,345.911320754717,368.22830188679245,917.5566037735849
491,492,9.687716079226071,1096.3764258555134,270.5069708491762,382.6400506970849,1119.149556400507
492,493,37.25297207312281,1359.13399339934,440.2996699669967,204.80792079207922,724.0112211221123
493,494,12.90187879519394,1661.0551583248212,386.6496424923391,390.80694586312563,643.5985699693565
494,495,112.0920572484303,1172.385257301808,322.45340751043113,141.65924895688457,373.6230876216968
495,496,10.938505006249265,1588.3969387755103,392.80408163265304,332.60510204081635,794.9122448979592
496,497,34.39616510319391,1323.8026644462948,356.39134054954206,246.9233971690258,885.4371357202332
497,498,16.242676071976806,1375.6858369098713,360.03605150214594,299.2025751072961,753.4540772532189
498,499,44.190738154939446,1387.1366322008862,404.10413589364845,173.8138847858198,575.1469719350074
499,500,63.219298891045284,1184.7347956131605,363.8953140578265,161.2083748753739,617.3160518444666
500,501,44.91934408513315,1240.8261964735516,445.35768261964733,187.11586901763224,908.6863979848866
501,502,9.56766722437035,944.0128040973111,329.71959026888607,250.70166453265045,1064.234314980794
502,503,8.870893369751625,870.9836448598131,272.8130841121495,283.2091121495327,1341.8516355140187
503,504,11.828424176542832,1414.7402952433024,338.3832695462001,337.99289229086935,756.7145981410607
504,505,82.78085572708986,962.4497487437186,368.0326633165829,161.80653266331657,546.5075376884422
505,506,18.25945804311728,1292.7836113837095,346.432777232581,281.914131501472,639.8223748773307
506,507,7.934250244434194,1258.969244288225,338.93936731107203,229.5817223198594,793.9420035149385
507,508,29.353497787098444,1374.34375,356.35267857142856,266.55580357142856,663.6339285714286
508,509,96.58183532761636,1055.5852047556143,348.4583883751651,149.1994715984148,493.0554821664465
509,510,53.64315612714924,1194.599025974026,370.39935064935065,177.00811688311688,605.3198051948052
510,511,43.50253302328749,1263.2596566523605,472.75536480686696,194.37124463519314,748.3497854077253
511,512,63.643229898451914,995.130659767141,362.83053040103493,167.98059508408798,596.601552393273
512,513,74.16215755704565,859.1354679802955,346.9926108374384,184.6871921182266,1095.0726600985222
513,514,13.796204466896238,1330.3594001071237,378.23915372254953,280.2570969469738,809.5519550080343
514,515,35.00946912198132,1456.562414266118,434.46090534979425,239.0576131687243,910.8724279835391
515,516,32.78397008937241,1350.8431061806657,375.6592709984152,253.6244057052298,736.4896988906497
516,517,31.73817795699867,1649.6671177266576,403.8430311231394,230.4208389715832,747.966847090663
517,518,71.78764141794396,1062.0650406504064,346.52574525745257,154.69828364950317,609.8744354110207
518,519,23.545221099301518,1476.6455696202531,393.6529535864979,311.7742616033755,896.837552742616
519,520,8.555249245267563,1009.4804469273743,339.46927374301674,218.1731843575419,993.1648044692737
520,521,26.99382124084976,1343.4194194194195,411.1685018351685,246.43343343343344,768.5145145145145
521,522,67.93328616561355,1063.487012987013,312.3376623376623,165.1038961038961,623.5519480519481
522,523,38.13800680654152,1402.5758091993187,411.3594548551959,214.13628620102216,644.885860306644
523,524,23.875899686364836,1196.6962785114047,315.4825930372149,230.67587034813926,687.5690276110444
524,525,11.681061434710719,974.0479890310786,304.223491773309,252.16681901279708,842.859689213894
525,526,28.03584711113334,1577.1933292155652,462.4224830142063,273.16244595429276,734.42063001853
526,527,40.53538984676757,1162.7627118644068,425.9627118644068,174.36949152542374,612.3762711864407
527,528,50.26600296301856,1216.3968804159445,357.79722703639516,181.08838821490468,586.0242634315424
528,529,79.56728892144878,1017.2905759162304,368.0916230366492,154.1937172774869,546.2094240837696
529,530,50.63350921035723,1132.8621553884711,355.59231411862993,195.14452798663325,589.5547201336675
530,531,42.123457328602676,1319.703110273327,404.6899151743638,205.6503298774741,669.5344015080113
531,532,88.63930139085876,1143.9623233908949,358.1224489795918,146.51805337519625,452.5368916797488
532,533,21.724117690906727,1741.2829006266786,419.09668755595345,296.04476275738585,629.7430617726052
533,534,33.867734128437824,1424.5283154121864,446.9921146953405,230.83727598566307,702.8401433691756
534,535,12.855176751434934,1288.8715789473683,317.0642105263158,305.1326315789474,675.0642105263158
535,536,20.517124160349155,1124.0219478737997,312.30315500685873,259.49931412894375,707.7421124828533
536,537,12.07045915225558,1268.066398390342,359.57679409792087,302.8517773306506,952.8108651911468
537,538,25.60828872515068,1329.2230671736374,411.0494296577947,240.35487959442332,721.3307984790874
538,539,66.15590677715204,1073.8690987124464,396.5772532188841,168.01931330472104,536.5300429184549
539,540,6.2446812369497495,1302.2576687116564,370.16768916155416,223.54805725971372,677.959100204499
540,541,22.24217566911275,1197.6650071123756,355.875533428165,279.90611664295875,666.8997155049786
541,542,54.68512197035146,1292.6913767019666,387.125567322239,182.98487140695914,683.0499243570348
542,543,105.028211139882,1107.3137673425827,329.8420490928495,151.92422625400212,548.290288153682
543,544,89.9616508974489,1268.7251114413075,425.51411589895986,171.54086181277862,851.3952451708767
544,545,14.849501894809762,1247.4464099895943,295.69614984391256,366.38813735691986,549.5546305931322
545,546,12.1515989070309,1411.48401323043,341.8489525909592,427.8048511576626,801.5226019845645
546,547,82.85016634410192,1240.6495176848875,399.8488745980707,156.43086816720256,562.7942122186495
547,548,36.64148022364072,1359.1816091954022,447.7287356321839,241.15785440613027,810.3793103448276
548,549,29.335656783843948,1465.43653250774,389.41486068111453,287.93704850361195,657.9494324045407
549,550,35.41245129173582,1394.274647887324,450.92112676056337,245.31267605633803,863.9042253521127
550,551,60.88186431506965,1124.464902186421,387.45914844649025,177.88032220943614,856.264672036824
551,552,45.99618189521738,1426.5333333333333,406.1787878787879,305.70151515151514,733.6212121212121
552,553,27.488409382918782,1418.7971014492753,430.60869565217394,270.6634460547504,734.1723027375201
553,554,9.194484680108053,1153.4480088495575,327.63495575221236,263.3838495575221,814.5862831858407
554,555,85.44453381958536,1453.04375,340.21125,163.44875,637.0775
555,556,71.49100836047441,1099.9301204819278,414.3903614457831,177.60722891566266,795.6650602409638
556,557,46.78217940058981,1060.5295663600525,326.1156373193167,195.02299605781866,807.5229960578187
557,558,7.509629592086832,1181.6861598440546,328.537037037037,258.87134502923976,903.8713450292398
558,559,104.56970953920295,1236.9588014981273,451.6741573033708,171.7378277153558,736.8277153558053
559,560,54.362274949889105,1139.6754716981131,359.4811320754717,186.85471698113207,810.6849056603774
560,561,47.48452130098012,1323.0140280561122,378.8056112224449,212.71543086172343,757.3867735470942
561,562,6.774964402141865,1081.3074324324325,260.05743243243245,242.9966216216216,633.9290540540541
562,563,10.16463250427606,1323.8644859813085,307.3644859813084,437.2102803738318,733.7289719626168
563,564,74.64157220980165,1025.359673024523,250.9891008174387,146.40871934604905,418.99727520435965
564,565,10.527437491736652,1255.8074684772066,321.67361784675074,279.4083414161009,821.6808923375364
565,566,66.70039212320506,1171.8526315789475,466.3421052631579,173.6342105263158,787.2763157894736
566,567,14.890127629652058,944.2852459016393,287.6295081967213,317.23770491803276,596.1573770491804
567,568,18.46114776893921,1150.0174672489084,313.0385735080058,240.254730713246,754.8027656477439
568,569,52.630819795399695,1202.8141499472017,362.3389651531151,177.61246040126716,739.9134107708553
569,570,33.1998296403393,1526.343228200371,458.7291280148423,207.80148423005565,834.4025974025974
570,571,36.75409525108693,1331.5225806451613,379.0774193548387,250.45645161290324,793.608064516129
571,572,43.15803674131825,1192.7447744774477,465.15401540154016,232.7062706270627,988.8943894389439
572,573,57.26034717620538,1141.1263616557735,417.9901960784314,176.86601307189542,807.3115468409586
573,574,18.15148668542803,1339.9131929522991,338.5917490330898,262.13622690159,703.7408680704771
574,575,32.85457196898073,1241.5825019186493,383.6508058326938,237.4359171143515,758.1542594013814
575,576,55.69794880545409,1445.0427872860635,465.81418092909536,177.14303178484107,619.4205378973105
576,577,49.23747576123616,1225.416829745597,386.9099804305284,223.18003913894324,867.1702544031311
577,578,82.33543194551768,1332.5701254275941,427.8198403648803,170.02622576966934,739.7856328392246
578,579,11.363283112611652,1122.2707692307692,314.9046153846154,266.9986813186813,744.4162637362638
579,580,71.94651244630298,1303.6882902693787,439.2550852116548,173.96591533809786,748.7619571192963
580,581,67.16225305582088,1215.983695652174,399.9963768115942,163.94927536231884,605.4891304347826
581,582,44.151898235862056,1193.423245614035,375.04605263157896,187.95504385964912,725.827850877193
582,583,29.565309431044806,1374.183935742972,379.8481927710843,263.84979919678716,749.2779116465863
583,584,90.76942776936926,1316.455373406193,480.4681238615665,161.2440801457195,624.9453551912568
584,585,78.24219779831746,1327.507088331516,439.4940021810251,165.83860414394766,720.6145038167939
585,586,34.90809015060481,1293.5585664335665,367.79895104895104,240.8715034965035,805.7071678321678
586,587,34.078719194596,1250.7679882525697,355.3553597650514,243.00293685756242,926.0807635829663
587,588,53.2488342397098,1405.8555399719496,415.2861150070126,179.78892005610098,768.4803646563815
588,589,21.57965200226614,1196.6215277777778,335.63194444444446,293.28472222222223,607.2534722222222
589,590,20.317435008983423,1590.2011627906977,421.4895348837209,292.53372093023256,584.0011627906977
590,591,59.67064926383138,1324.8772241992883,365.779359430605,174.80960854092527,704.5
591,592,41.4818890090626,1112.25,354.06762295081967,209.76434426229508,569.0348360655738
592,593,14.343040825783644,1278.237479806139,305.80129240710824,268.21486268174476,612.0242326332794
593,594,6.22134397836678,918.525787965616,238.067335243553,191.2865329512894,436.5186246418338
594,595,41.97310987334383,1310.7108108108107,377.18918918918916,221.6135135135135,622.7054054054054
595,596,21.755118251688035,1359.7792452830188,359.811320754717,275.0,719.2018867924528
596,597,53.36796163109069,1238.6935064935064,463.8649350649351,202.24155844155845,761.9688311688311
597,598,78.06413513689135,1258.6085409252669,349.62900355871886,166.05071174377224,698.8709964412811
598,599,83.33746604876055,1411.3351648351647,442.6492673992674,167.66941391941393,647.5430402930403
599,600,46.650527715748304,1084.8694444444445,400.81944444444446,197.01388888888889,599.2583333333333
600,601,30.036277658227206,1397.7011813759555,375.137595552467,300.3564975677554,883.7838776928422
601,602,12.165618771389775,1188.2857142857142,316.48639455782313,270.5204081632653,605.4501133786848
602,603,22.92519144373356,1344.2712283594394,397.13520197856553,313.4707337180544,800.8013190436933
603,604,14.062686082575015,1401.8834688346883,363.1707317073171,297.0962059620596,730.9783197831978
604,605,66.58246299086758,1073.1008939974456,372.95657726692207,178.33333333333334,850.1289910600256
605,606,21.766710682002625,1422.987951807229,329.12048192771084,317.8024096385542,587.9421686746988
606,607,88.60996003924646,1270.0901960784313,433.87320261437907,183.36601307189542,956.9516339869281
607,608,30.319154282345107,1471.0319010416667,438.6028645833333,251.24479166666666,704.6315104166666
608,609,15.28689355716651,1463.869172932331,320.7473684210526,402.4345864661654,857.3368421052631
609,610,75.742956416008,1383.2093275488069,488.45806218365874,175.01373825018078,697.0310918293565
610,611,36.768862943592865,1238.9659624413146,367.7523474178404,239.2793427230047,741.8133802816901
611,612,42.81842438581167,1409.627659574468,460.5598404255319,218.68882978723406,1081.0199468085107
612,613,60.065480309821304,1349.035747883349,442.379115710254,197.70366886171215,829.9915333960489
613,614,12.3201396782864,902.2708333333334,269.51708333333335,262.94916666666666,556.1579166666667
614,615,19.21876214489344,1146.1329690346083,315.7103825136612,350.97085610200367,672.3879781420765
615,616,7.183663889614993,1143.7326732673268,314.1623762376238,226.3049504950495,891.8475247524752
616,617,18.261034562737578,1338.9416553595659,343.81275440976935,327.7245590230665,937.7435549525102
617,618,55.88160474683802,1109.4627727856225,388.9114249037227,179.70218228498075,767.8620025673941
618,619,25.254299539496657,1064.136690647482,345.92670863309354,256.38174460431657,914.0454136690647
619,620,43.99782114304011,1287.909090909091,428.7694013303769,214.7139689578714,767.9556541019956
620,621,40.406122148726084,1198.2854144805876,397.0640083945435,214.76180482686254,756.196222455404
621,622,64.28555211527149,1305.0556900726392,418.3414043583535,185.58595641646488,732.3777239709443
622,623,16.22455676045384,1394.4004424778761,414.4314159292035,321.820796460177,827.6969026548672
623,624,9.68067815129945,1465.25625,461.22291666666666,232.66041666666666,906.8125
624,625,52.9238024218139,1205.2428571428572,430.2160714285714,193.4375,924.8857142857142
625,626,31.26571498581429,1336.1179443976412,356.2392586352148,273.1777590564448,844.1465880370682
626,627,21.832544789012058,1340.594470046083,354.82027649769583,293.9800307219662,636.4362519201229
627,628,11.05008735083278,1495.5450199203187,435.6183266932271,301.8239043824701,755.604780876494
628,629,12.93736968595587,1120.8567851777666,309.4036054081122,251.83725588382575,526.3470205307962
629,630,61.46005001787871,1395.6055555555556,519.4910256410257,186.03547008547008,829.9196581196582
630,631,5.580529162751929,1364.0639431616341,343.4440497335702,265.2291296625222,766.696269982238
631,632,30.676288346609034,1429.136312849162,436.77430167597765,230.4335195530726,761.3418994413407
632,633,16.02484488430544,1438.2762345679012,412.21141975308643,331.1975308641975,842.6003086419753
633,634,46.12554794210216,1340.502864698105,426.06566769501984,203.79550462758925,935.3318642573821
634,635,21.25900030535336,1484.7194504699928,361.58423716558207,326.704989154013,715.9804772234273
635,636,36.388632623278106,1283.815748031496,385.7574803149606,220.33385826771652,549.2661417322835
636,637,22.03219851626052,1330.7239583333333,392.69097222222223,255.640625,823.1388888888889
637,638,9.29196980583266,1113.5923295454545,279.2443181818182,337.99715909090907,645.1605113636364
638,639,26.939166551171553,1260.266174801362,361.31895573212256,300.149829738933,847.5295119182747
639,640,43.269503980131404,1370.861635220126,432.70754716981133,204.874213836478,707.9842767295597
640,641,45.722187037257854,1308.6331360946745,485.7248520710059,197.8550295857988,781.0
641,642,51.950137551565994,1299.4935691318328,508.1109324758842,186.45337620578778,819.3938906752412
642,643,7.925970563649794,929.936231884058,269.70144927536234,385.1304347826087,829.2579710144928
643,644,11.306105651053253,1401.0892116182572,324.97095435684645,347.63589211618256,616.4989626556016
644,645,12.281784735252335,1327.484238178634,344.66812609457094,318.35683012259193,757.8209281961471
645,646,28.917956289605023,1152.952380952381,266.33560090702946,267.73696145124717,835.9183673469388
646,647,20.918277077306193,1308.035593220339,297.53559322033897,295.02033898305086,952.5033898305085
647,648,8.24943734723913,1158.636488340192,292.1015089163237,267.7997256515775,1080.312757201646
648,649,47.24728687295027,1375.4816576086957,455.1351902173913,190.21603260869566,754.7068614130435
649,650,48.036137555991225,1546.1418604651162,482.50581395348837,210.84651162790698,881.556976744186
650,651,38.6125055647228,1206.5519053876478,388.26806833114324,203.65177398160316,1287.9027595269383
651,652,18.773173055442182,1441.1803944315545,375.06786542923436,289.9767981438515,815.6357308584687
652,653,12.623195192315844,1335.101182654402,330.21419185282525,387.457950065703,903.3837056504599
653,654,8.432172401903614,1076.8994974874372,290.5887772194305,252.18676716917923,916.4815745393635
654,655,33.17146771416501,1366.6809453471196,401.22968980797634,223.14254062038404,850.1373707533235
655,656,53.56506158419767,1370.7891891891893,350.2567567567568,188.97297297297297,648.7243243243244
656,657,20.492963975543265,1379.5131195335277,357.4063411078717,329.00838192419826,923.0976676384839
657,658,40.945661535009314,1241.4106988783435,414.2174288179465,203.32528041415014,796.3822260569457
658,659,19.423870608741318,1229.1727557411273,321.2630480167015,291.6758872651357,782.9264091858038
659,660,9.59562407740919,1688.05222734255,416.9062980030722,347.1874039938556,777.4823348694316
660,661,32.97756291921721,1291.187973997833,419.6218851570964,226.10509209100758,770.3217768147346
661,662,47.9007646310718,1124.6826409239786,361.6017927943458,188.89053611446303,681.6057576279952
662,663,46.981241612012454,1460.5705263157895,487.59684210526314,213.23894736842107,823.1221052631579
663,664,11.258285345884484,1480.868556701031,380.7951030927835,303.38015463917526,781.1520618556701
664,665,9.626053969910847,734.9328732747804,238.94667503136762,202.44291091593476,806.9792973651192
665,666,24.247878936144136,1531.7190250507786,404.9800270819228,282.15876777251185,815.9465132024374
666,667,33.03807383771095,1421.1535150645625,488.04662840746056,242.36657101865137,892.7962697274031
667,668,11.913127721811959,1500.8512110726645,387.2809688581315,275.2484429065744,867.6941176470589
668,669,36.44829234548191,1257.5740740740741,402.35978835978835,219.33333333333334,825.8174603174604
669,670,33.00709202766721,1241.856,419.438,215.972,827.348
670,671,37.6031822938872,1196.9612992398065,419.4167242570836,234.33517622667588,875.2978576364893
671,672,19.244269765523118,1365.6461388074292,327.87390029325513,343.0175953079179,892.3724340175953
672,673,10.228366834341905,1517.7751605995718,374.6830835117773,286.56174161313345,853.8351177730193
673,674,23.06437013159994,1343.9587813620071,329.01344086021504,311.97491039426524,785.4928315412186
674,675,5.243288731271913,825.2081784386617,220.728624535316,286.8884758364312,1385.6096654275093
675,676,37.69493655046309,1342.9906651108518,321.07467911318554,242.17269544924153,732.9124854142357
676,677,20.468921704585888,1131.0855715178013,353.86695815115553,310.4322298563398,1006.1105559025609
677,678,37.674639066469716,1318.0322376738307,410.98798988621996,220.9715549936789,765.9582806573957
678,679,11.082808028920152,1057.5230914231856,317.0,272.94721960414705,1064.6229971724788
679,680,20.844061046512426,1409.0993630573248,343.84458598726115,237.4191082802548,606.5643312101911
680,681,17.242467889296115,1382.709182023925,324.8155512447462,308.2232460394439,814.4768832848367
681,682,28.73599547120792,1524.4678600488203,373.30187144019527,309.95443449959316,1015.8445890968267
682,683,11.679556905314893,1224.826923076923,321.245841995842,299.4818087318087,798.5909563409564
683,684,33.403478274356175,1454.782700421941,369.1884669479606,290.36708860759495,954.3987341772151
684,685,18.85193275832508,1368.6553480475382,356.4685908319185,272.9269949066214,837.7334465195246
685,686,10.412780354989081,975.7252747252747,284.64903846153845,306.8495879120879,1029.1208791208792
686,687,6.776859841380821,848.2091346153846,232.33653846153845,173.54567307692307,307.7668269230769
687,688,9.347228108402447,1217.3406326034062,323.92335766423355,353.3333333333333,701.1386861313869
688,689,27.91049290367683,1420.5607028753993,350.0159744408946,308.5718849840256,812.8769968051118
689,690,16.263536488643606,1344.0378273520853,339.0596508244423,371.2769156159069,1044.4427740058195
690,691,25.44452054106876,1356.31021194605,381.02504816955684,280.9248554913295,851.6743737957611
691,692,18.97336949821379,949.6111111111111,278.6247723132969,292.3142076502732,1037.4280510018216
692,693,14.05385442011693,981.485306234551,272.5742927767097,347.82285086514696,1174.1005218346609
693,694,8.517383848004934,726.0320512820513,225.2227564102564,239.57692307692307,546.0544871794872
694,695,10.202742455547305,808.0080971659919,292.5769230769231,252.5080971659919,863.085020242915
695,696,9.935902966733014,1142.8360128617364,306.4903536977492,287.79180064308684,673.4911575562701
696,697,22.07776689549906,921.5056689342404,271.64399092970524,329.41950113378687,1167.8027210884354
697,698,19.120714602387032,1083.6314631463147,311.7095709570957,331.0,1009.8008800880089
698,699,8.69403312059805,944.4176706827309,282.81626506024094,240.03614457831324,717.7650602409639
699,700,21.396062343503463,906.9403862300587,279.14189756507136,402.90344248530647,1220.4307304785893
700,701,9.63592658324134,1144.5723404255318,337.5836879432624,260.9836879432624,755.2914893617021
701,702,10.357722676679941,937.0641247833622,322.1438474870017,253.8518197573657,564.811958405546
702,703,9.047981849035436,865.5025125628141,269.478391959799,238.4070351758794,639.5718592964824
703,704,7.7294389942370145,814.989898989899,263.8905723905724,184.77104377104376,366.32154882154884
